P,None,None,None,None
D,None,None,None,None
P,None,None,None,None
D,None,None,None,None
P,None,None,None,None
D,None,None,None,None
P,None,None,None,None
D,None,None,None,None
P,None,None,None,None
D,None,None,None,None
P,None,None,None,None
D,None,None,None,None
P,None,None,None,None
D,None,None,None,None
P,None,None,None,None
D,None,None,None,None
P,None,None,None,None
D,None,None,None,None
P,None,None,None,None
D,None,None,None,None
P,None,None,None,None
D,None,None,None,None
P,None,None,None,None
D,None,None,None,None
P,None,None,None,None
D,None,None,None,None
P,None,None,None,None
D,None,None,None,None
P,None,None,None,None
D,None,None,None,None
P,None,None,None,None
D,None,None,None,None
P,None,None,None,None
D,None,None,None,None
P,None,None,None,None
D,None,None,None,None
P,None,None,None,None
D,None,None,None,None
P,None,None,None,None
D,144.71304347826086, 480, 313.23478260869564, 100
P,None,None,None,None
D,None,None,None,None
P,None,None,None,None
D,None,None,None,None
P,None,None,None,None
D,None,None,None,None
P,None,None,None,None
D,117.75862068965517, 480, 327.41379310344826, 100
P,None,None,None,None
D,132.89189189189187, 480, 317.7567567567568, 100
P,None,None,None,None
D,None,None,None,None
P,None,None,None,None
D,126.92682926829268, 480, 321.5609756097561, 100
P,None,None,None,None
D,123.09701492537313, 480, 324.44029850746267, 100
P,None,None,None,None
D,103.55813953488372, 480, 333.3255813953489, 100
P,None,None,None,None
D,None,None,None,None
P,None,None,None,None
D,114.38793103448276, 480, 333.87068965517244, 100
P,114.38793182373047,480.0,333.8706970214844,100.0
D,112.9375, 480, 332.625, 100
P,114.38508605957031,480.0,333.8682556152344,100.0
D,111.78947368421052, 480, 331.7894736842105, 100
P,114.37255859375,480.0,333.85821533203125,100.0
D,None,None,None,None
P,114.34912109375,480.0,333.83941650390625,100.0
D,87.72, 480, 346.12, 100
P,114.0020523071289,480.0,333.99224853515625,100.0
D,106.96124031007753, 480, 333.7829457364341, 100
P,113.82544708251953,480.0,334.0036926269531,100.0
D,None,None,None,None
P,113.59134674072266,480.0,334.0136413574219,100.0
D,81.66141732283464, 480, 347.96062992125985, 100
P,112.48970794677734,480.0,334.4737243652344,100.0
D,95.60483870967741, 480, 343.83064516129036, 100
P,111.63231658935547,480.0,334.9060363769531,100.0
D,96.77108433734941, 480, 334.8433734939759, 100
P,110.6591567993164,480.0,335.001220703125,100.0
D,75.35338345864662, 480, 349.6390977443609, 100
P,108.37582397460938,480.0,335.91583251953125,100.0
D,68.72519083969466, 480, 355.9007633587786, 100
P,105.31970977783203,480.0,337.3772888183594,100.0
D,87.25, 480, 343.75, 100
P,103.31991577148438,480.0,338.1090393066406,100.0
D,85.70992366412213, 480, 343.87786259541986, 100
P,101.10845947265625,480.0,338.8799133300781,100.0
D,64.44827586206895, 480, 352.7241379310345, 100
P,96.94918823242188,480.0,340.4523620605469,100.0
D,61.440677966101696, 480, 357.7118644067797, 100
P,92.48991394042969,480.0,342.50347900390625,100.0
D,60.54545454545455, 480, 357.06060606060606, 100
P,87.90766906738281,480.0,344.5120544433594,100.0
D,78.22222222222223, 480, 345.6296296296296, 100
P,85.42686462402344,480.0,345.22235107421875,100.0
D,None,None,None,None
P,82.8417739868164,480.0,345.973388671875,100.0
D,54.18705035971223, 480, 360.37410071942446, 100
P,77.68875885009766,480.0,348.3415832519531,100.0
D,49.41935483870968, 480, 368.1290322580645, 100
P,72.4509048461914,480.0,351.4326477050781,100.0
D,48.92, 480, 368.12, 100
P,67.51289367675781,480.0,354.3377685546875,100.0
D,None,None,None,None
P,62.7843132019043,480.0,357.1216735839844,100.0
D,None,None,None,None
P,57.939735412597656,480.0,359.9433898925781,100.0
D,41.35593220338983, 480, 373.0508474576271, 100
P,52.05365753173828,480.0,363.4343566894531,100.0
D,None,None,None,None
P,47.06083297729492,480.0,366.4823303222656,100.0
D,None,None,None,None
P,42.40504837036133,480.0,369.3423156738281,100.0
D,None,None,None,None
P,38.391685485839844,480.0,371.85467529296875,100.0
D,34.51282051282051, 480, 375.53846153846155, 100
P,33.67622375488281,480.0,374.5547790527344,100.0
D,None,None,None,None
P,30.77979278564453,480.0,376.2845764160156,100.0
D,None,None,None,None
P,28.237268447875977,480.0,377.8058776855469,100.0
D,None,None,None,None
P,26.09906768798828,480.0,379.09503173828125,100.0
D,28.41772151898735, 480, 379.55696202531647, 100
P,22.957748413085938,480.0,381.0141296386719,100.0
D,None,None,None,None
P,20.40618324279785,480.0,382.598876953125,100.0
D,None,None,None,None
P,18.459653854370117,480.0,383.8388671875,100.0
D,None,None,None,None
P,16.829450607299805,480.0,384.8907165527344,100.0
D,None,None,None,None
P,15.84939193725586,480.0,385.5710754394531,100.0
D,None,None,None,None
P,14.735026359558105,480.0,386.3127136230469,100.0
D,None,None,None,None
P,13.85157585144043,480.0,386.916748046875,100.0
D,None,None,None,None
P,13.357551574707031,480.0,387.29486083984375,100.0
D,None,None,None,None
P,13.080487251281738,480.0,387.5428466796875,100.0
D,None,None,None,None
P,12.997771263122559,480.0,387.67364501953125,100.0
D,10.0, 480, 390.0, 100
P,10.687101364135742,480.0,389.06072998046875,100.0
D,5.582417582417584, 480, 398.1098901098901, 100
P,8.126816749572754,480.0,391.3002014160156,100.0
D,None,None,None,None
P,5.654179573059082,480.0,393.42999267578125,100.0
D,None,None,None,None
P,3.4741554260253906,480.0,395.3408203125,100.0
D,None,None,None,None
P,1.7454352378845215,480.0,396.9327392578125,100.0
D,None,None,None,None
P,0.23661626875400543,480.0,398.34716796875,100.0
D,None,None,None,None
P,-1.4218498468399048,480.0,399.8300476074219,100.0
D,-2.3027522935779814, 480, 405.58715596330273, 100
P,-3.74151611328125,480.0,402.0249938964844,100.0
D,None,None,None,None
P,-5.652985572814941,480.0,403.90673828125,100.0
D,None,None,None,None
P,-7.329096794128418,480.0,405.5885925292969,100.0
D,None,None,None,None
P,-8.757936477661133,480.0,407.0631103515625,100.0
D,None,None,None,None
P,-9.876188278198242,480.0,408.283447265625,100.0
D,None,None,None,None
P,-10.863823890686035,480.0,409.37945556640625,100.0
D,-10.126582278481017, 480, 413.1645569620253, 100
P,-12.893974304199219,480.0,411.4601135253906,100.0
D,None,None,None,None
P,-14.54737663269043,480.0,413.2247314453125,100.0
D,None,None,None,None
P,-15.65822696685791,480.0,414.5334167480469,100.0
D,None,None,None,None
P,-16.65068817138672,480.0,415.71087646484375,100.0
D,-17.369863013698627, 480, 404.2739726027397, 100
P,-18.42661476135254,480.0,415.5736389160156,100.0
D,None,None,None,None
P,-19.959609985351562,480.0,415.3703918457031,100.0
D,None,None,None,None
P,-21.36371612548828,480.0,415.1739196777344,100.0
D,None,None,None,None
P,-22.538576126098633,480.0,414.90460205078125,100.0
D,-31.0, 480, 406.0, 100
P,-25.229400634765625,480.0,414.785400390625,100.0
D,None,None,None,None
P,-27.640703201293945,480.0,414.63140869140625,100.0
D,None,None,None,None
P,-29.8110294342041,480.0,414.4538879394531,100.0
D,None,None,None,None
P,-31.900070190429688,480.0,414.3171691894531,100.0
D,None,None,None,None
P,-33.51192855834961,480.0,414.0320129394531,100.0
D,None,None,None,None
P,-34.998756408691406,480.0,413.7646789550781,100.0
D,None,None,None,None
P,-36.19038391113281,480.0,413.4409484863281,100.0
D,None,None,None,None
P,-37.39171600341797,480.0,413.17315673828125,100.0
D,None,None,None,None
P,-38.25762176513672,480.0,412.8321533203125,100.0
D,None,None,None,None
P,-39.020118713378906,480.0,412.5010986328125,100.0
D,None,None,None,None
P,-39.57753372192383,480.0,412.14630126953125,100.0
D,None,None,None,None
P,-40.02237319946289,480.0,411.7961120605469,100.0
D,None,None,None,None
P,-40.3357048034668,480.0,411.4439392089844,100.0
D,None,None,None,None
P,-40.56206130981445,480.0,411.1004638671875,100.0
D,None,None,None,None
P,-40.64949417114258,480.0,410.7527770996094,100.0
D,None,None,None,None
P,-40.725006103515625,480.0,410.4285888671875,100.0
D,None,None,None,None
P,-40.59012222290039,480.0,410.0864562988281,100.0
D,None,None,None,None
P,-40.509281158447266,480.0,409.77899169921875,100.0
D,None,None,None,None
P,-40.38835144042969,480.0,409.48431396484375,100.0
D,None,None,None,None
P,-40.1231575012207,480.0,409.1866149902344,100.0
D,None,None,None,None
P,-39.906639099121094,480.0,408.91534423828125,100.0
D,None,None,None,None
P,-39.60346603393555,480.0,408.6501770019531,100.0
D,None,None,None,None
P,-39.3286018371582,480.0,408.40472412109375,100.0
D,None,None,None,None
P,-38.98769760131836,480.0,408.1680908203125,100.0
D,None,None,None,None
P,-38.698116302490234,480.0,407.94976806640625,100.0
D,None,None,None,None
P,-38.37579345703125,480.0,407.7413635253906,100.0
D,None,None,None,None
P,-38.039512634277344,480.0,407.5443115234375,100.0
D,None,None,None,None
P,-37.689964294433594,480.0,407.35858154296875,100.0
D,None,None,None,None
P,-37.32816696166992,480.0,407.1844177246094,100.0
D,None,None,None,None
P,-36.95425033569336,480.0,407.0223083496094,100.0
D,None,None,None,None
P,-36.58308410644531,480.0,406.87213134765625,100.0
D,None,None,None,None
P,-36.198829650878906,480.0,406.73541259765625,100.0
D,None,None,None,None
P,-35.84220886230469,480.0,406.6086730957031,100.0
D,None,None,None,None
P,-35.486080169677734,480.0,406.493896484375,100.0
D,None,None,None,None
P,-35.133262634277344,480.0,406.39166259765625,100.0
D,None,None,None,None
P,-34.79508972167969,480.0,406.3003845214844,100.0
D,None,None,None,None
P,-34.4709358215332,480.0,406.2200927734375,100.0
D,None,None,None,None
P,-34.1694221496582,480.0,406.1474914550781,100.0
D,None,None,None,None
P,-33.88346481323242,480.0,406.08392333984375,100.0
D,None,None,None,None
P,-33.621315002441406,480.0,406.02374267578125,100.0
D,None,None,None,None
P,-33.36949157714844,480.0,405.9726867675781,100.0
D,None,None,None,None
P,-33.134891510009766,480.0,405.9254455566406,100.0
D,None,None,None,None
P,-32.91080093383789,480.0,405.8880615234375,100.0
D,None,None,None,None
P,-32.70201110839844,480.0,405.85687255859375,100.0
D,-128.0, 480, 477.625, 100
P,-44.42718505859375,480.0,414.617431640625,100.0
D,None,None,None,None
P,-55.996456146240234,480.0,423.2524719238281,100.0
D,None,None,None,None
P,-66.75845336914062,480.0,431.3099060058594,100.0
D,None,None,None,None
P,-76.4639663696289,480.0,438.5859680175781,100.0
D,None,None,None,None
P,-85.04801177978516,480.0,445.02813720703125,100.0
D,None,None,None,None
P,-92.74943542480469,480.0,450.80975341796875,100.0
D,None,None,None,None
P,-99.494140625,480.0,455.87744140625,100.0
D,None,None,None,None
P,-105.91893768310547,480.0,460.70062255859375,100.0
D,None,None,None,None
P,-112.40159606933594,480.0,465.561279296875,100.0
D,None,None,None,None
P,-118.0428237915039,480.0,469.79705810546875,100.0
D,None,None,None,None
P,-122.61601257324219,480.0,473.2386474609375,100.0
D,None,None,None,None
P,-126.61438751220703,480.0,476.2502136230469,100.0
D,None,None,None,None
P,-130.58409118652344,480.0,479.2371826171875,100.0
D,None,None,None,None
P,-133.5231170654297,480.0,481.45648193359375,100.0
D,None,None,None,None
P,-135.89801025390625,480.0,483.25372314453125,100.0
D,None,None,None,None
P,-138.2173614501953,480.0,485.00701904296875,100.0
D,None,None,None,None
P,-140.01406860351562,480.0,486.3695068359375,100.0
D,None,None,None,None
P,-141.28823852539062,480.0,487.341064453125,100.0
D,None,None,None,None
P,-142.4672393798828,480.0,488.2397766113281,100.0
D,None,None,None,None
P,-143.31935119628906,480.0,488.8933410644531,100.0
D,None,None,None,None
P,-144.0551300048828,480.0,489.458740234375,100.0
D,None,None,None,None
P,-144.5805206298828,480.0,489.8659973144531,100.0
D,None,None,None,None
P,-145.1595001220703,480.0,490.3120422363281,100.0
D,None,None,None,None
P,-145.65866088867188,480.0,490.69769287109375,100.0
D,None,None,None,None
P,-145.89633178710938,480.0,490.8873596191406,100.0
D,None,None,None,None
P,-145.91700744628906,480.0,490.9141540527344,100.0
D,None,None,None,None
P,-146.0369110107422,480.0,491.0143737792969,100.0
D,None,None,None,None
P,-146.0395965576172,480.0,491.0263977050781,100.0
D,None,None,None,None
P,-145.759765625,480.0,490.8266296386719,100.0
D,None,None,None,None
P,-145.4023895263672,480.0,490.5682373046875,100.0
D,None,None,None,None
P,-145.0337371826172,480.0,490.3008117675781,100.0
D,None,None,None,None
P,-144.7683563232422,480.0,490.110107421875,100.0
D,None,None,None,None
P,-144.30697631835938,480.0,489.77227783203125,100.0
D,None,None,None,None
P,-143.82093811035156,480.0,489.4154968261719,100.0
D,None,None,None,None
P,-143.27456665039062,480.0,489.0130920410156,100.0
D,None,None,None,None
P,-142.6976776123047,480.0,488.5873718261719,100.0
D,None,None,None,None
P,-142.1741180419922,480.0,488.2012023925781,100.0
D,None,None,None,None
P,-141.60780334472656,480.0,487.7825927734375,100.0
D,None,None,None,None
P,-141.0329132080078,480.0,487.3572082519531,100.0
D,None,None,None,None
P,-140.48248291015625,480.0,486.9498291015625,100.0
D,None,None,None,None
P,-139.8209228515625,480.0,486.45867919921875,100.0
D,None,None,None,None
P,-139.1915740966797,480.0,485.9913330078125,100.0
D,None,None,None,None
P,-138.5701141357422,480.0,485.5295715332031,100.0
D,None,None,None,None
P,-137.98953247070312,480.0,485.0982360839844,100.0
D,None,None,None,None
P,-137.37576293945312,480.0,484.6416015625,100.0
D,None,None,None,None
P,-136.77125549316406,480.0,484.1915588378906,100.0
D,None,None,None,None
P,-136.1743927001953,480.0,483.7469177246094,100.0
D,None,None,None,None
P,-135.63417053222656,480.0,483.34466552734375,100.0
D,None,None,None,None
P,-135.11679077148438,480.0,482.9593505859375,100.0
D,None,None,None,None
P,-134.5783233642578,480.0,482.5577697753906,100.0
D,None,None,None,None
P,-134.04931640625,480.0,482.1629638671875,100.0
D,None,None,None,None
P,-133.5616912841797,480.0,481.79913330078125,100.0
D,None,None,None,None
P,-133.0946807861328,480.0,481.4505615234375,100.0
D,None,None,None,None
P,-132.6419219970703,480.0,481.1124267578125,100.0
D,None,None,None,None
P,-132.208984375,480.0,480.7889404296875,100.0
D,None,None,None,None
P,-131.79417419433594,480.0,480.47882080078125,100.0
D,None,None,None,None
P,-131.40924072265625,480.0,480.1911315917969,100.0
D,None,None,None,None
P,-131.0403594970703,480.0,479.9151916503906,100.0
D,None,None,None,None
P,-130.69398498535156,480.0,479.6561279296875,100.0
D,None,None,None,None
P,-130.36607360839844,480.0,479.41064453125,100.0
D,None,None,None,None
P,-130.0587921142578,480.0,479.1805725097656,100.0
D,None,None,None,None
P,-129.77011108398438,480.0,478.96435546875,100.0
D,None,None,None,None
P,-129.50535583496094,480.0,478.7658386230469,100.0
D,None,None,None,None
P,-129.25927734375,480.0,478.581298828125,100.0
D,None,None,None,None
P,-129.03172302246094,480.0,478.4106140136719,100.0
D,None,None,None,None
P,-128.82284545898438,480.0,478.25384521484375,100.0
D,None,None,None,None
P,-128.63890075683594,480.0,478.1156311035156,100.0
D,None,None,None,None
P,-128.47305297851562,480.0,477.9909362792969,100.0
D,None,None,None,None
P,-128.32057189941406,480.0,477.87628173828125,100.0
D,None,None,None,None
P,-128.17849731445312,480.0,477.7694396972656,100.0
D,None,None,None,None
P,-128.0577392578125,480.0,477.6784973144531,100.0
D,None,None,None,None
P,-127.94464111328125,480.0,477.59332275390625,100.0
D,None,None,None,None
P,-127.84748840332031,480.0,477.5200500488281,100.0
D,None,None,None,None
P,-127.76294708251953,480.0,477.4562072753906,100.0
D,None,None,None,None
P,-127.69405364990234,480.0,477.4040832519531,100.0
D,None,None,None,None
P,-127.63597106933594,480.0,477.36004638671875,100.0
D,None,None,None,None
P,-127.58411407470703,480.0,477.3206787109375,100.0
D,None,None,None,None
P,-127.54386901855469,480.0,477.2900390625,100.0
D,None,None,None,None
P,-127.50860595703125,480.0,477.2631530761719,100.0
D,None,None,None,None
P,-127.4792251586914,480.0,477.2406921386719,100.0
D,None,None,None,None
P,-127.46161651611328,480.0,477.22705078125,100.0
D,None,None,None,None
P,-127.44766998291016,480.0,477.2161560058594,100.0
D,None,None,None,None
P,-127.44227600097656,480.0,477.2117004394531,100.0
D,None,None,None,None
P,-127.43603515625,480.0,477.2066345214844,100.0
D,None,None,None,None
P,-127.4312744140625,480.0,477.20269775390625,100.0
D,None,None,None,None
P,-127.4363784790039,480.0,477.2061767578125,100.0
D,None,None,None,None
P,-127.44271087646484,480.0,477.2106018066406,100.0
D,None,None,None,None
P,-127.45733642578125,480.0,477.2212219238281,100.0
D,None,None,None,None
P,-127.46784973144531,480.0,477.2287902832031,100.0
D,None,None,None,None
P,-127.48267364501953,480.0,477.2396240234375,100.0
D,None,None,None,None
P,-127.5020523071289,480.0,477.2538757324219,100.0
D,None,None,None,None
P,-127.52136993408203,480.0,477.2680969238281,100.0
D,None,None,None,None
P,-127.5403060913086,480.0,477.28204345703125,100.0
D,None,None,None,None
P,-127.56339263916016,480.0,477.29913330078125,100.0
D,None,None,None,None
P,-127.58362579345703,480.0,477.3140869140625,100.0
D,None,None,None,None
P,-127.6050796508789,480.0,477.3299865722656,100.0
D,None,None,None,None
P,-127.62882995605469,480.0,477.3476257324219,100.0
D,None,None,None,None
P,-127.64873504638672,480.0,477.36236572265625,100.0
D,None,None,None,None
P,-127.66954803466797,480.0,477.3778381347656,100.0
D,None,None,None,None
P,-127.69024658203125,480.0,477.3932189941406,100.0
D,None,None,None,None
P,-127.71045684814453,480.0,477.40826416015625,100.0
D,None,None,None,None
P,-127.73070526123047,480.0,477.42333984375,100.0
D,-72.79245283018868, 480, 443.4339622641509, 100
P,-120.63331604003906,480.0,473.0303649902344,100.0
D,None,None,None,None
P,-114.10023498535156,480.0,468.98687744140625,100.0
D,None,None,None,None
P,-108.0361557006836,480.0,465.2336120605469,100.0
D,-95.10526315789474, 480, 464.89473684210526, 100
P,-105.3140869140625,480.0,464.5312194824219,100.0
D,-71.0, 480, 435.6666666666667, 100
P,-99.63355255126953,480.0,460.089111328125,100.0
D,None,None,None,None
P,-94.60231018066406,480.0,456.1077880859375,100.0
D,-88.36363636363637, 480, 441.33333333333337, 100
P,-92.28466033935547,480.0,453.2247009277344,100.0
D,None,None,None,None
P,-90.16210174560547,480.0,450.5738525390625,100.0
D,None,None,None,None
P,-88.29186248779297,480.0,448.18603515625,100.0
D,None,None,None,None
P,-86.5970458984375,480.0,445.9991455078125,100.0
D,None,None,None,None
P,-85.14849090576172,480.0,444.0649719238281,100.0
D,-106.61290322580646, 480, 461.3440860215054, 100
P,-86.3045425415039,480.0,444.9642333984375,100.0
D,None,None,None,None
P,-87.49732208251953,480.0,445.8982849121094,100.0
D,-115.18181818181819, 480, 483.6060606060606, 100
P,-89.6661376953125,480.0,449.55462646484375,100.0
D,-108.04347826086956, 480, 478.4782608695652, 100
P,-90.84261322021484,480.0,452.3526916503906,100.0
D,None,None,None,None
P,-92.01194763183594,480.0,455.0032958984375,100.0
D,None,None,None,None
P,-93.18553161621094,480.0,457.5057373046875,100.0
D,-97.19999999999999, 480, 468.5777777777777, 100
P,-92.94425964355469,480.0,458.5948791503906,100.0
D,None,None,None,None
P,-92.72261810302734,480.0,459.6077880859375,100.0
D,None,None,None,None
P,-92.54631042480469,480.0,460.5625305175781,100.0
D,-99.48484848484847, 480, 476.27272727272725, 100
P,-92.66938781738281,480.0,462.4245910644531,100.0
D,None,None,None,None
P,-92.90058898925781,480.0,464.17303466796875,100.0
D,None,None,None,None
P,-93.07292175292969,480.0,465.8142395019531,100.0
D,None,None,None,None
P,-93.3110580444336,480.0,467.3382568359375,100.0
D,None,None,None,None
P,-93.52009582519531,480.0,468.78009033203125,100.0
D,None,None,None,None
P,-93.82661437988281,480.0,470.0614318847656,100.0
D,None,None,None,None
P,-94.11542510986328,480.0,471.2430114746094,100.0
D,None,None,None,None
P,-94.3980941772461,480.0,472.3293762207031,100.0
D,None,None,None,None
P,-94.71478271484375,480.0,473.2687683105469,100.0
D,None,None,None,None
P,-95.008544921875,480.0,474.1326904296875,100.0
D,None,None,None,None
P,-95.3057632446289,480.0,474.8879699707031,100.0
D,None,None,None,None
P,-95.58580780029297,480.0,475.576171875,100.0
D,None,None,None,None
P,-95.85921478271484,480.0,476.1840515136719,100.0
D,None,None,None,None
P,-96.12527465820312,480.0,476.71533203125,100.0
D,None,None,None,None
P,-96.37077331542969,480.0,477.218505859375,100.0
D,None,None,None,None
P,-96.60888671875,480.0,477.6656799316406,100.0
D,None,None,None,None
P,-96.84878540039062,480.0,478.01556396484375,100.0
D,None,None,None,None
P,-97.08037567138672,480.0,478.2976989746094,100.0
D,None,None,None,None
P,-97.29750061035156,480.0,478.54681396484375,100.0
D,None,None,None,None
P,-97.50483703613281,480.0,478.74200439453125,100.0
D,None,None,None,None
P,-97.70104217529297,480.0,478.8912658691406,100.0
D,None,None,None,None
P,-97.88468933105469,480.0,479.01409912109375,100.0
D,None,None,None,None
P,-98.05567932128906,480.0,479.1424865722656,100.0
D,None,None,None,None
P,-98.21918487548828,480.0,479.2021789550781,100.0
D,None,None,None,None
P,-98.37203979492188,480.0,479.2451477050781,100.0
D,None,None,None,None
P,-98.514892578125,480.0,479.2541809082031,100.0
D,None,None,None,None
P,-98.6476058959961,480.0,479.2412414550781,100.0
D,None,None,None,None
P,-98.7698745727539,480.0,479.2002868652344,100.0
D,None,None,None,None
P,-98.885009765625,480.0,479.1761474609375,100.0
D,None,None,None,None
P,-98.9883041381836,480.0,479.09954833984375,100.0
D,-90.47222222222223, 480, 453.13888888888886, 100
P,-97.92347717285156,480.0,476.0621643066406,100.0
D,-93.78947368421052, 480, 466.2105263157895, 100
P,-97.35591125488281,480.0,474.88311767578125,100.0
D,None,None,None,None
P,-96.83094024658203,480.0,473.7831115722656,100.0
D,-94.31147540983605, 480, 447.655737704918, 100
P,-96.4190673828125,480.0,470.3563537597656,100.0
D,-100.30927835051547, 480, 444.22680412371136, 100
P,-96.81755065917969,480.0,466.74285888671875,100.0
D,-100.22727272727273, 480, 443.8636363636364, 100
P,-97.18403625488281,480.0,463.38287353515625,100.0
D,-103.0, 480, 439.8571428571429, 100
P,-97.88230895996094,480.0,459.7937927246094,100.0
D,-102.45833333333333, 480, 439.8333333333333, 100
P,-98.45911407470703,480.0,456.5174255371094,100.0
D,-103.0909090909091, 480, 441.0, 100
P,-99.0762710571289,480.0,453.60687255859375,100.0
D,None,None,None,None
P,-99.65135192871094,480.0,450.93853759765625,100.0
D,None,None,None,None
P,-100.17706298828125,480.0,448.5906982421875,100.0
D,-96.57575757575758, 480, 433.1212121212121, 100
P,-99.82286071777344,480.0,445.456298828125,100.0
D,None,None,None,None
P,-99.49274444580078,480.0,442.5419921875,100.0
D,-105.5, 480, 464.5, 100
P,-100.3307876586914,480.0,443.959716796875,100.0
D,-101.0, 480, 452.7142857142857, 100
P,-100.52217864990234,480.0,443.8711242675781,100.0
D,None,None,None,None
P,-100.69065856933594,480.0,443.8869323730469,100.0
D,None,None,None,None
P,-100.85430908203125,480.0,443.8387451171875,100.0
D,None,None,None,None
P,-100.98548889160156,480.0,443.9922790527344,100.0
D,None,None,None,None
P,-101.10958862304688,480.0,444.11553955078125,100.0
D,None,None,None,None
P,-101.21886444091797,480.0,444.2848815917969,100.0
D,None,None,None,None
P,-101.30244445800781,480.0,444.57440185546875,100.0
D,None,None,None,None
P,-101.38246154785156,480.0,444.82464599609375,100.0
D,None,None,None,None
P,-101.45242309570312,480.0,445.09027099609375,100.0
D,None,None,None,None
P,-101.50379943847656,480.0,445.4226379394531,100.0
D,None,None,None,None
P,-101.55030059814453,480.0,445.7388916015625,100.0
D,None,None,None,None
P,-101.57909393310547,480.0,446.111083984375,100.0
D,None,None,None,None
P,-101.60623168945312,480.0,446.4532470703125,100.0
D,None,None,None,None
P,-101.62147521972656,480.0,446.819580078125,100.0
D,None,None,None,None
P,-101.63459014892578,480.0,447.16436767578125,100.0
D,None,None,None,None
P,-101.63831329345703,480.0,447.52178955078125,100.0
D,None,None,None,None
P,-101.63780212402344,480.0,447.86956787109375,100.0
D,None,None,None,None
P,-101.6335678100586,480.0,448.207275390625,100.0
D,None,None,None,None
P,-101.62161254882812,480.0,448.549072265625,100.0
D,None,None,None,None
P,-101.61029052734375,480.0,448.86669921875,100.0
D,None,None,None,None
P,-101.59245300292969,480.0,449.1839904785156,100.0
D,None,None,None,None
P,-101.58941650390625,480.0,449.4448547363281,100.0
D,None,None,None,None
P,-101.58976745605469,480.0,449.6927795410156,100.0
D,-124.79310344827584, 480, 477.9655172413793, 100
P,-105.12200927734375,480.0,453.6455078125,100.0
D,-137.2, 480, 470.8, 100
P,-110.44758605957031,480.0,456.4723205566406,100.0
D,None,None,None,None
P,-115.47827911376953,480.0,459.1423645019531,100.0
D,None,None,None,None
P,-120.210205078125,480.0,461.6549377441406,100.0
D,None,None,None,None
P,-124.09394836425781,480.0,463.7234802246094,100.0
D,-120.6, 480, 443.97142857142853, 100
P,-124.7152099609375,480.0,461.2065734863281,100.0
D,None,None,None,None
P,-125.15310668945312,480.0,458.9673767089844,100.0
D,None,None,None,None
P,-125.6905517578125,480.0,457.0249938964844,100.0
D,None,None,None,None
P,-126.12934875488281,480.0,455.2510986328125,100.0
D,None,None,None,None
P,-126.41315460205078,480.0,453.62957763671875,100.0
D,None,None,None,None
P,-126.59429931640625,480.0,452.16162109375,100.0
D,None,None,None,None
P,-126.80876922607422,480.0,450.81158447265625,100.0
D,None,None,None,None
P,-126.79277801513672,480.0,449.61724853515625,100.0
D,None,None,None,None
P,-126.73331451416016,480.0,448.5515441894531,100.0
D,None,None,None,None
P,-126.67435455322266,480.0,447.58349609375,100.0
D,None,None,None,None
P,-126.57362365722656,480.0,446.71612548828125,100.0
D,None,None,None,None
P,-126.45303344726562,480.0,445.9319152832031,100.0
D,None,None,None,None
P,-126.33390045166016,480.0,445.2076416015625,100.0
D,None,None,None,None
P,-126.07181549072266,480.0,444.64434814453125,100.0
D,None,None,None,None
P,-125.84320831298828,480.0,444.1240539550781,100.0
D,None,None,None,None
P,-125.60231018066406,480.0,443.6717224121094,100.0
D,None,None,None,None
P,-125.36564636230469,480.0,443.26751708984375,100.0
D,None,None,None,None
P,-125.09829711914062,480.0,442.9446105957031,100.0
D,None,None,None,None
P,-124.84284210205078,480.0,442.6571350097656,100.0
D,None,None,None,None
P,-124.59142303466797,480.0,442.407958984375,100.0
D,None,None,None,None
P,-124.30368041992188,480.0,442.2539978027344,100.0
D,None,None,None,None
P,-124.02749633789062,480.0,442.1349182128906,100.0
D,None,None,None,None
P,-123.7607421875,480.0,442.05078125,100.0
D,None,None,None,None
P,-123.50496673583984,480.0,441.9967346191406,100.0
D,None,None,None,None
P,-123.2624740600586,480.0,441.96563720703125,100.0
D,None,None,None,None
P,-123.03936004638672,480.0,441.93865966796875,100.0
D,None,None,None,None
P,-122.82427215576172,480.0,441.93670654296875,100.0
D,None,None,None,None
P,-122.62107849121094,480.0,441.94873046875,100.0
D,None,None,None,None
P,-122.42568969726562,480.0,441.9868469238281,100.0
D,None,None,None,None
P,-122.2442855834961,480.0,442.02984619140625,100.0
D,None,None,None,None
P,-122.0745620727539,480.0,442.08172607421875,100.0
D,None,None,None,None
P,-121.9192886352539,480.0,442.11541748046875,100.0
D,None,None,None,None
P,-121.769775390625,480.0,442.1782531738281,100.0
D,None,None,None,None
P,-121.6305160522461,480.0,442.2429504394531,100.0
D,None,None,None,None
P,-121.5005874633789,480.0,442.31097412109375,100.0
D,None,None,None,None
P,-121.38013458251953,480.0,442.389892578125,100.0
D,None,None,None,None
P,-121.26728820800781,480.0,442.4558410644531,100.0
D,None,None,None,None
P,-121.16463470458984,480.0,442.5405578613281,100.0
D,None,None,None,None
P,-121.07015991210938,480.0,442.62152099609375,100.0
D,None,None,None,None
P,-120.98440551757812,480.0,442.70404052734375,100.0
D,None,None,None,None
P,-120.90878295898438,480.0,442.7906799316406,100.0
D,None,None,None,None
P,-120.83818054199219,480.0,442.86822509765625,100.0
D,None,None,None,None
P,-120.77118682861328,480.0,442.9389953613281,100.0
D,None,None,None,None
P,-120.71063995361328,480.0,443.0104064941406,100.0
D,None,None,None,None
P,-120.66206359863281,480.0,443.0882568359375,100.0
D,None,None,None,None
P,-120.61571502685547,480.0,443.1583251953125,100.0
D,None,None,None,None
P,-120.57742309570312,480.0,443.2282409667969,100.0
D,None,None,None,None
P,-120.54081726074219,480.0,443.292236328125,100.0
D,None,None,None,None
P,-120.5079116821289,480.0,443.3533020019531,100.0
D,None,None,None,None
P,-120.48432159423828,480.0,443.414306640625,100.0
D,None,None,None,None
P,-120.46275329589844,480.0,443.470703125,100.0
D,None,None,None,None
P,-120.44710540771484,480.0,443.52435302734375,100.0
D,None,None,None,None
P,-120.43404388427734,480.0,443.5740661621094,100.0
D,None,None,None,None
P,-120.4234390258789,480.0,443.6201477050781,100.0
D,None,None,None,None
P,-120.41482543945312,480.0,443.66290283203125,100.0
D,None,None,None,None
P,-120.40817260742188,480.0,443.70263671875,100.0
D,None,None,None,None
P,-120.4034652709961,480.0,443.7394714355469,100.0
D,None,None,None,None
P,-120.40190887451172,480.0,443.7733154296875,100.0
D,None,None,None,None
P,-120.40044403076172,480.0,443.80474853515625,100.0
D,None,None,None,None
P,-120.40170288085938,480.0,443.8332824707031,100.0
D,None,None,None,None
P,-120.40415954589844,480.0,443.8592529296875,100.0
D,None,None,None,None
P,-120.40888977050781,480.0,443.8822326660156,100.0
D,None,None,None,None
P,-120.41259765625,480.0,443.90380859375,100.0
D,None,None,None,None
P,-120.41667175292969,480.0,443.92364501953125,100.0
D,None,None,None,None
P,-120.42096710205078,480.0,443.9419860839844,100.0
D,None,None,None,None
P,-120.42729187011719,480.0,443.95758056640625,100.0
D,None,None,None,None
P,-120.43360137939453,480.0,443.97186279296875,100.0
D,None,None,None,None
P,-120.44055938720703,480.0,443.9842834472656,100.0
D,None,None,None,None
P,-120.44869995117188,480.0,443.9942932128906,100.0
D,None,None,None,None
P,-120.45641326904297,480.0,444.00335693359375,100.0
D,None,None,None,None
P,-120.46375274658203,480.0,444.01165771484375,100.0
D,None,None,None,None
P,-120.4716796875,480.0,444.0180969238281,100.0
D,None,None,None,None
P,-120.47954559326172,480.0,444.0234375,100.0
D,None,None,None,None
P,-120.4871597290039,480.0,444.0279846191406,100.0
D,None,None,None,None
P,-120.49494171142578,480.0,444.0311279296875,100.0
D,None,None,None,None
P,-120.50238037109375,480.0,444.0336608886719,100.0
D,None,None,None,None
P,-120.50923919677734,480.0,444.0361633300781,100.0
D,None,None,None,None
P,-120.51631164550781,480.0,444.0372009277344,100.0
D,None,None,None,None
P,-120.52306365966797,480.0,444.0377197265625,100.0
D,None,None,None,None
P,-120.52958679199219,480.0,444.03759765625,100.0
D,None,None,None,None
P,-120.53556823730469,480.0,444.03778076171875,100.0
D,None,None,None,None
P,-120.54147338867188,480.0,444.0370178222656,100.0
D,None,None,None,None
P,-120.54707336425781,480.0,444.03607177734375,100.0
D,None,None,None,None
P,-120.55249786376953,480.0,444.0342102050781,100.0
D,None,None,None,None
P,-120.55740356445312,480.0,444.0335693359375,100.0
D,None,None,None,None
P,-120.56221008300781,480.0,444.0320739746094,100.0
D,None,None,None,None
P,-120.56684112548828,480.0,444.0293884277344,100.0
D,None,None,None,None
P,-120.57112121582031,480.0,444.0267639160156,100.0
D,None,None,None,None
P,-120.57508850097656,480.0,444.024169921875,100.0
D,None,None,None,None
P,-120.57872009277344,480.0,444.0212097167969,100.0
D,None,None,None,None
P,-120.58211517333984,480.0,444.0187072753906,100.0
D,None,None,None,None
P,-120.58523559570312,480.0,444.01605224609375,100.0
D,None,None,None,None
P,-120.58799743652344,480.0,444.0130615234375,100.0
D,None,None,None,None
P,-120.5905532836914,480.0,444.0103454589844,100.0
D,None,None,None,None
P,-120.59285736083984,480.0,444.0076599121094,100.0
D,None,None,None,None
P,-120.59485626220703,480.0,444.0048828125,100.0
D,None,None,None,None
P,-120.5966567993164,480.0,444.0022888183594,100.0
D,None,None,None,None
P,-120.59832763671875,480.0,443.9998779296875,100.0
D,None,None,None,None
P,-120.59974670410156,480.0,443.99749755859375,100.0
D,None,None,None,None
P,-120.60099029541016,480.0,443.9952087402344,100.0
D,None,None,None,None
P,-120.60205078125,480.0,443.9930114746094,100.0
D,None,None,None,None
P,-120.60298919677734,480.0,443.990966796875,100.0
D,None,None,None,None
P,-120.60389709472656,480.0,443.98907470703125,100.0
D,None,None,None,None
P,-120.60466003417969,480.0,443.98724365234375,100.0
D,None,None,None,None
P,-120.60535430908203,480.0,443.9855041503906,100.0
D,None,None,None,None
P,-120.6059799194336,480.0,443.9838562011719,100.0
D,None,None,None,None
P,-120.6064224243164,480.0,443.9822692871094,100.0
D,None,None,None,None
P,-120.60660552978516,480.0,443.9808044433594,100.0
D,None,None,None,None
P,-120.60669708251953,480.0,443.97943115234375,100.0
D,-153.51351351351352, 480, 483.2432432432432, 100
P,-125.1264419555664,480.0,449.3709716796875,100.0
D,None,None,None,None
P,-129.28701782226562,480.0,454.3341369628906,100.0
D,None,None,None,None
P,-133.0902099609375,480.0,458.87109375,100.0
D,None,None,None,None
P,-136.50331115722656,480.0,462.94281005859375,100.0
D,None,None,None,None
P,-139.6654510498047,480.0,466.7151184082031,100.0
D,-161.5625, 480, 491.5625, 100
P,-143.54177856445312,480.0,471.16693115234375,100.0
D,None,None,None,None
P,-147.07899475097656,480.0,475.2283630371094,100.0
D,None,None,None,None
P,-150.27993774414062,480.0,478.90167236328125,100.0
D,None,None,None,None
P,-153.05332946777344,480.0,482.0796813964844,100.0
D,None,None,None,None
P,-155.61135864257812,480.0,485.01116943359375,100.0
D,None,None,None,None
P,-157.87771606445312,480.0,487.6061096191406,100.0
D,None,None,None,None
P,-160.03550720214844,480.0,490.0777587890625,100.0
D,None,None,None,None
P,-161.83460998535156,480.0,492.13427734375,100.0
D,None,None,None,None
P,-163.42230224609375,480.0,493.94744873046875,100.0
D,None,None,None,None
P,-164.78781127929688,480.0,495.504638671875,100.0
D,None,None,None,None
P,-166.0077667236328,480.0,496.8948059082031,100.0
D,None,None,None,None
P,-166.98204040527344,480.0,498.00164794921875,100.0
D,None,None,None,None
P,-167.73780822753906,480.0,498.85687255859375,100.0
D,None,None,None,None
P,-168.49029541015625,480.0,499.7097473144531,100.0
D,None,None,None,None
P,-168.90533447265625,480.0,500.1732482910156,100.0
D,None,None,None,None
P,-169.3935546875,480.0,500.72271728515625,100.0
D,None,None,None,None
P,-169.6862335205078,480.0,501.04705810546875,100.0
D,None,None,None,None
P,-169.8823699951172,480.0,501.2608337402344,100.0
D,None,None,None,None
P,-170.02035522460938,480.0,501.4083251953125,100.0
D,None,None,None,None
P,-170.04429626464844,480.0,501.4249572753906,100.0
D,None,None,None,None
P,-170.01712036132812,480.0,501.3834228515625,100.0
D,None,None,None,None
P,-169.9719696044922,480.0,501.3218078613281,100.0
D,None,None,None,None
P,-169.81712341308594,480.0,501.1343688964844,100.0
D,None,None,None,None
P,-169.60086059570312,480.0,500.8768615722656,100.0
D,None,None,None,None
P,-169.34750366210938,480.0,500.5772399902344,100.0
D,None,None,None,None
P,-169.07089233398438,480.0,500.2514343261719,100.0
D,None,None,None,None
P,-168.75607299804688,480.0,499.8822937011719,100.0
D,-183.78571428571428, 480, 494.7857142857142, 100
P,-171.41848754882812,480.0,499.9508056640625,100.0
D,None,None,None,None
P,-173.88088989257812,480.0,499.9976806640625,100.0
D,None,None,None,None
P,-176.07870483398438,480.0,499.9643249511719,100.0
D,None,None,None,None
P,-178.01910400390625,480.0,499.871826171875,100.0
D,None,None,None,None
P,-179.79232788085938,480.0,499.77545166015625,100.0
D,-174.70833333333334, 480, 506.125, 100
P,-180.12332153320312,480.0,501.1468200683594,100.0
D,None,None,None,None
P,-180.3791046142578,480.0,502.3836364746094,100.0
D,None,None,None,None
P,-180.5303192138672,480.0,503.4696350097656,100.0
D,None,None,None,None
P,-180.61048889160156,480.0,504.4261779785156,100.0
D,None,None,None,None
P,-180.65277099609375,480.0,505.2823486328125,100.0
D,None,None,None,None
P,-180.66561889648438,480.0,506.0522766113281,100.0
D,None,None,None,None
P,-180.5878448486328,480.0,506.6841125488281,100.0
D,None,None,None,None
P,-180.51504516601562,480.0,507.2655334472656,100.0
D,None,None,None,None
P,-180.39883422851562,480.0,507.75579833984375,100.0
D,None,None,None,None
P,-180.3025665283203,480.0,508.2247314453125,100.0
D,None,None,None,None
P,-180.28237915039062,480.0,508.750244140625,100.0
D,None,None,None,None
P,-180.09312438964844,480.0,509.05303955078125,100.0
D,None,None,None,None
P,-179.84414672851562,480.0,509.24163818359375,100.0
D,None,None,None,None
P,-179.59649658203125,480.0,509.3892822265625,100.0
D,None,None,None,None
P,-179.34779357910156,480.0,509.49615478515625,100.0
D,None,None,None,None
P,-179.12411499023438,480.0,509.6039123535156,100.0
D,None,None,None,None
P,-178.87025451660156,480.0,509.63446044921875,100.0
D,None,None,None,None
P,-178.64869689941406,480.0,509.6843566894531,100.0
D,None,None,None,None
P,-178.43800354003906,480.0,509.7276611328125,100.0
D,None,None,None,None
P,-178.19012451171875,480.0,509.6805114746094,100.0
D,None,None,None,None
P,-177.95375061035156,480.0,509.6241149902344,100.0
D,None,None,None,None
P,-177.7200927734375,480.0,509.54376220703125,100.0
D,None,None,None,None
P,-177.4891357421875,480.0,509.4386291503906,100.0
D,None,None,None,None
P,-177.27296447753906,480.0,509.33575439453125,100.0
D,None,None,None,None
P,-177.06234741210938,480.0,509.21649169921875,100.0
D,None,None,None,None
P,-176.85707092285156,480.0,509.0787048339844,100.0
D,None,None,None,None
P,-176.66925048828125,480.0,508.9573974609375,100.0
D,None,None,None,None
P,-176.48619079589844,480.0,508.8186950683594,100.0
D,None,None,None,None
P,-176.3133087158203,480.0,508.6784362792969,100.0
D,None,None,None,None
P,-176.15086364746094,480.0,508.5400695800781,100.0
D,None,None,None,None
P,-175.99757385253906,480.0,508.40008544921875,100.0
D,None,None,None,None
P,-175.85316467285156,480.0,508.25518798828125,100.0
D,None,None,None,None
P,-175.7193603515625,480.0,508.122802734375,100.0
D,None,None,None,None
P,-175.5939483642578,480.0,507.9853210449219,100.0
D,None,None,None,None
P,-175.47775268554688,480.0,507.8519287109375,100.0
D,None,None,None,None
P,-175.3703155517578,480.0,507.7231140136719,100.0
D,None,None,None,None
P,-175.27040100097656,480.0,507.6019287109375,100.0
D,None,None,None,None
P,-175.18035888671875,480.0,507.47796630859375,100.0
D,None,None,None,None
P,-175.0945281982422,480.0,507.36834716796875,100.0
D,None,None,None,None
P,-175.01834106445312,480.0,507.2569274902344,100.0
D,None,None,None,None
P,-174.9512939453125,480.0,507.1490783691406,100.0
D,-200.63636363636363, 480, 490.27272727272725, 100
P,-178.20443725585938,480.0,505.0228271484375,100.0
D,None,None,None,None
P,-181.2222900390625,480.0,503.05010986328125,100.0
D,None,None,None,None
P,-183.9807891845703,480.0,501.2454833984375,100.0
D,None,None,None,None
P,-186.48544311523438,480.0,499.6062316894531,100.0
D,-215.375, 480, 497.125, 100
P,-190.65402221679688,480.0,498.9484558105469,100.0
D,None,None,None,None
P,-194.50880432128906,480.0,498.349365234375,100.0
D,None,None,None,None
P,-197.96116638183594,480.0,497.846435546875,100.0
D,None,None,None,None
P,-201.13363647460938,480.0,497.3873596191406,100.0
D,None,None,None,None
P,-204.01280212402344,480.0,496.9828796386719,100.0
D,None,None,None,None
P,-206.73464965820312,480.0,496.5943298339844,100.0
D,None,None,None,None
P,-209.1578826904297,480.0,496.26837158203125,100.0
D,None,None,None,None
P,-211.2451171875,480.0,496.0118408203125,100.0
D,None,None,None,None
P,-213.1397247314453,480.0,495.7845764160156,100.0
D,None,None,None,None
P,-214.88824462890625,480.0,495.5771789550781,100.0
D,None,None,None,None
P,-216.45382690429688,480.0,495.4007873535156,100.0
D,None,None,None,None
P,-217.7849578857422,480.0,495.26763916015625,100.0
D,None,None,None,None
P,-218.9359130859375,480.0,495.1643371582031,100.0
D,None,None,None,None
P,-220.02432250976562,480.0,495.0650939941406,100.0
D,None,None,None,None
P,-220.9254150390625,480.0,494.99871826171875,100.0
D,None,None,None,None
P,-221.62191772460938,480.0,494.9679870605469,100.0
D,None,None,None,None
P,-222.224609375,480.0,494.9490661621094,100.0
D,None,None,None,None
P,-222.7930908203125,480.0,494.9306640625,100.0
D,None,None,None,None
P,-223.12826538085938,480.0,494.9532470703125,100.0
D,None,None,None,None
P,-223.41763305664062,480.0,494.9787292480469,100.0
D,None,None,None,None
P,-223.69064331054688,480.0,495.00238037109375,100.0
D,None,None,None,None
P,-223.79554748535156,480.0,495.0533447265625,100.0
D,None,None,None,None
P,-223.78323364257812,480.0,495.1211853027344,100.0
D,None,None,None,None
P,-223.71426391601562,480.0,495.19451904296875,100.0
D,None,None,None,None
P,-223.5626220703125,480.0,495.27801513671875,100.0
D,None,None,None,None
P,-223.46046447753906,480.0,495.3486633300781,100.0
D,None,None,None,None
P,-223.28109741210938,480.0,495.4291076660156,100.0
D,None,None,None,None
P,-223.0670166015625,480.0,495.51190185546875,100.0
D,-193.62962962962965, 480, 496.00000000000006, 100
P,-220.03564453125,480.0,495.45599365234375,100.0
D,None,None,None,None
P,-217.21592712402344,480.0,495.4046936035156,100.0
D,None,None,None,None
P,-214.55038452148438,480.0,495.3690490722656,100.0
D,None,None,None,None
P,-212.06980895996094,480.0,495.3384094238281,100.0
D,None,None,None,None
P,-209.75926208496094,480.0,495.3215637207031,100.0
D,None,None,None,None
P,-207.6201171875,480.0,495.3078918457031,100.0
D,None,None,None,None
P,-205.643798828125,480.0,495.3014221191406,100.0
D,None,None,None,None
P,-203.8239288330078,480.0,495.300537109375,100.0
D,None,None,None,None
P,-202.12220764160156,480.0,495.299072265625,100.0
D,None,None,None,None
P,-200.58816528320312,480.0,495.3081359863281,100.0
D,None,None,None,None
P,-199.1656951904297,480.0,495.31756591796875,100.0
D,None,None,None,None
P,-197.87673950195312,480.0,495.3316650390625,100.0
D,None,None,None,None
P,-196.73690795898438,480.0,495.3514709472656,100.0
D,None,None,None,None
P,-195.65379333496094,480.0,495.3680114746094,100.0
D,None,None,None,None
P,-194.72633361816406,480.0,495.39117431640625,100.0
D,None,None,None,None
P,-193.89974975585938,480.0,495.4155578613281,100.0
D,None,None,None,None
P,-193.16207885742188,480.0,495.4405822753906,100.0
D,None,None,None,None
P,-192.5176239013672,480.0,495.4667663574219,100.0
D,None,None,None,None
P,-191.9174041748047,480.0,495.49139404296875,100.0
D,None,None,None,None
P,-191.44032287597656,480.0,495.5191650390625,100.0
D,None,None,None,None
P,-191.04638671875,480.0,495.5474853515625,100.0
D,None,None,None,None
P,-190.70046997070312,480.0,495.57476806640625,100.0
D,None,None,None,None
P,-190.40875244140625,480.0,495.6015625,100.0
D,None,None,None,None
P,-190.1244354248047,480.0,495.6263427734375,100.0
D,None,None,None,None
P,-189.99868774414062,480.0,495.65460205078125,100.0
D,None,None,None,None
P,-189.8582305908203,480.0,495.679931640625,100.0
D,None,None,None,None
P,-189.791259765625,480.0,495.7054443359375,100.0
D,None,None,None,None
P,-189.75279235839844,480.0,495.72979736328125,100.0
D,None,None,None,None
P,-189.79051208496094,480.0,495.7540283203125,100.0
D,None,None,None,None
P,-189.80685424804688,480.0,495.77593994140625,100.0
D,None,None,None,None
P,-189.85328674316406,480.0,495.79693603515625,100.0
D,None,None,None,None
P,-189.91302490234375,480.0,495.8167724609375,100.0
D,None,None,None,None
P,-190.0175018310547,480.0,495.8358154296875,100.0
D,None,None,None,None
P,-190.09913635253906,480.0,495.85333251953125,100.0
D,None,None,None,None
P,-190.19085693359375,480.0,495.86993408203125,100.0
D,None,None,None,None
P,-190.34214782714844,480.0,495.8857421875,100.0
D,-181.79999999999998, 480, 502.2, 100
P,-188.9362030029297,480.0,496.7088317871094,100.0
D,None,None,None,None
P,-187.67886352539062,480.0,497.4656066894531,100.0
D,None,None,None,None
P,-186.50425720214844,480.0,498.16766357421875,100.0
D,None,None,None,None
P,-185.45147705078125,480.0,498.8106994628906,100.0
D,-196.66666666666669, 480, 500.00000000000006, 100
P,-186.42678833007812,480.0,499.1143493652344,100.0
D,None,None,None,None
P,-187.36439514160156,480.0,499.3830871582031,100.0
D,None,None,None,None
P,-188.25436401367188,480.0,499.61993408203125,100.0
D,None,None,None,None
P,-189.08724975585938,480.0,499.8323974609375,100.0
D,None,None,None,None
P,-189.86900329589844,480.0,500.02130126953125,100.0
D,None,None,None,None
P,-190.59698486328125,480.0,500.1988830566406,100.0
D,None,None,None,None
P,-191.2860107421875,480.0,500.3580322265625,100.0
D,None,None,None,None
P,-191.9392852783203,480.0,500.4690246582031,100.0
D,None,None,None,None
P,-192.5414276123047,480.0,500.578125,100.0
D,None,None,None,None
P,-193.09808349609375,480.0,500.6609191894531,100.0
D,None,None,None,None
P,-193.60789489746094,480.0,500.7259521484375,100.0
D,None,None,None,None
P,-194.0814208984375,480.0,500.7887878417969,100.0
D,None,None,None,None
P,-194.50933837890625,480.0,500.8290710449219,100.0
D,None,None,None,None
P,-194.91275024414062,480.0,500.8730163574219,100.0
D,None,None,None,None
P,-195.28636169433594,480.0,500.90814208984375,100.0
D,None,None,None,None
P,-195.60586547851562,480.0,500.9149169921875,100.0
D,None,None,None,None
P,-195.9059295654297,480.0,500.9245300292969,100.0
D,None,None,None,None
P,-196.1695098876953,480.0,500.9220886230469,100.0
D,None,None,None,None
P,-196.41293334960938,480.0,500.91851806640625,100.0
D,None,None,None,None
P,-196.61476135253906,480.0,500.90045166015625,100.0
D,None,None,None,None
P,-196.7959747314453,480.0,500.8807678222656,100.0
D,None,None,None,None
P,-196.96080017089844,480.0,500.8606262207031,100.0
D,None,None,None,None
P,-197.09898376464844,480.0,500.8344421386719,100.0
D,None,None,None,None
P,-197.2229461669922,480.0,500.80792236328125,100.0
D,None,None,None,None
P,-197.32772827148438,480.0,500.77850341796875,100.0
D,None,None,None,None
P,-197.42330932617188,480.0,500.74993896484375,100.0
D,None,None,None,None
P,-197.4867401123047,480.0,500.7135009765625,100.0
D,None,None,None,None
P,-197.5489044189453,480.0,500.68072509765625,100.0
D,None,None,None,None
P,-197.59042358398438,480.0,500.6445007324219,100.0
D,None,None,None,None
P,-197.60528564453125,480.0,500.60357666015625,100.0
D,None,None,None,None
P,-197.61544799804688,480.0,500.5650634765625,100.0
D,None,None,None,None
P,-197.6285858154297,480.0,500.530517578125,100.0
D,None,None,None,None
P,-197.63595581054688,480.0,500.4969482421875,100.0
D,None,None,None,None
P,-197.62387084960938,480.0,500.4610290527344,100.0
D,None,None,None,None
P,-197.61572265625,480.0,500.428466796875,100.0
D,None,None,None,None
P,-197.6005859375,480.0,500.396484375,100.0
D,None,None,None,None
P,-197.58306884765625,480.0,500.3659362792969,100.0
D,None,None,None,None
P,-197.562255859375,480.0,500.33648681640625,100.0
D,None,None,None,None
P,-197.53004455566406,480.0,500.3069152832031,100.0
D,None,None,None,None
P,-197.50653076171875,480.0,500.2803039550781,100.0
D,None,None,None,None
P,-197.47665405273438,480.0,500.2541809082031,100.0
D,None,None,None,None
P,-197.44058227539062,480.0,500.2287902832031,100.0
D,None,None,None,None
P,-197.40155029296875,480.0,500.2047119140625,100.0
D,None,None,None,None
P,-197.36399841308594,480.0,500.1822814941406,100.0
D,None,None,None,None
P,-197.32736206054688,480.0,500.1612548828125,100.0
D,None,None,None,None
P,-197.28871154785156,480.0,500.1415100097656,100.0
D,None,None,None,None
P,-197.2521514892578,480.0,500.1230773925781,100.0
D,None,None,None,None
P,-197.2141876220703,480.0,500.10589599609375,100.0
D,None,None,None,None
P,-197.1770782470703,480.0,500.0899658203125,100.0
D,None,None,None,None
P,-197.1411895751953,480.0,500.0751647949219,100.0
D,None,None,None,None
P,-197.10476684570312,480.0,500.06170654296875,100.0
D,None,None,None,None
P,-197.06707763671875,480.0,500.0500183105469,100.0
D,None,None,None,None
P,-197.03378295898438,480.0,500.03900146484375,100.0
D,None,None,None,None
P,-197.0019073486328,480.0,500.02899169921875,100.0
D,None,None,None,None
P,-196.97169494628906,480.0,500.0198974609375,100.0
D,None,None,None,None
P,-196.94151306152344,480.0,500.01251220703125,100.0
D,None,None,None,None
P,-196.91485595703125,480.0,500.00494384765625,100.0
D,-179.22222222222223, 480, 496.3333333333333, 100
P,-194.61087036132812,480.0,499.52020263671875,100.0
D,None,None,None,None
P,-192.5022735595703,480.0,499.0771789550781,100.0
D,None,None,None,None
P,-190.56512451171875,480.0,498.67022705078125,100.0
D,None,None,None,None
P,-188.80828857421875,480.0,498.30169677734375,100.0
D,-177.1, 480, 494.23333333333335, 100
P,-186.8660430908203,480.0,497.6817321777344,100.0
D,None,None,None,None
P,-185.0652313232422,480.0,497.1043395996094,100.0
D,None,None,None,None
P,-183.432861328125,480.0,496.5769958496094,100.0
D,None,None,None,None
P,-181.9361572265625,480.0,496.0916748046875,100.0
D,None,None,None,None
P,-180.6392059326172,480.0,495.6661682128906,100.0
D,None,None,None,None
P,-179.458740234375,480.0,495.2779235839844,100.0
D,None,None,None,None
P,-178.33975219726562,480.0,494.9106140136719,100.0
D,None,None,None,None
P,-177.44361877441406,480.0,494.61041259765625,100.0
D,None,None,None,None
P,-176.6830291748047,480.0,494.3528137207031,100.0
D,-180.2, 480, 503.79999999999995, 100
P,-176.41024780273438,480.0,495.36126708984375,100.0
D,None,None,None,None
P,-176.23370361328125,480.0,496.3038635253906,100.0
D,None,None,None,None
P,-176.03712463378906,480.0,497.1671142578125,100.0
D,None,None,None,None
P,-175.88754272460938,480.0,497.974365234375,100.0
D,None,None,None,None
P,-175.83119201660156,480.0,498.7242431640625,100.0
D,None,None,None,None
P,-175.83306884765625,480.0,499.41070556640625,100.0
D,None,None,None,None
P,-175.81265258789062,480.0,500.0477600097656,100.0
D,None,None,None,None
P,-175.82061767578125,480.0,500.6371765136719,100.0
D,None,None,None,None
P,-175.90353393554688,480.0,501.16473388671875,100.0
D,None,None,None,None
P,-175.9864044189453,480.0,501.64971923828125,100.0
D,None,None,None,None
P,-176.06324768066406,480.0,502.10150146484375,100.0
D,None,None,None,None
P,-176.1781005859375,480.0,502.5038757324219,100.0
D,None,None,None,None
P,-176.29893493652344,480.0,502.8713684082031,100.0
D,None,None,None,None
P,-176.4300079345703,480.0,503.2038879394531,100.0
D,None,None,None,None
P,-176.58041381835938,480.0,503.49566650390625,100.0
D,None,None,None,None
P,-176.7406463623047,480.0,503.7521667480469,100.0
D,None,None,None,None
P,-176.89846801757812,480.0,503.9839172363281,100.0
D,None,None,None,None
P,-177.05613708496094,480.0,504.1914978027344,100.0
D,None,None,None,None
P,-177.22523498535156,480.0,504.3642883300781,100.0
D,None,None,None,None
P,-177.39129638671875,480.0,504.51629638671875,100.0
D,None,None,None,None
P,-177.55667114257812,480.0,504.6462707519531,100.0
D,None,None,None,None
P,-177.7179718017578,480.0,504.7593994140625,100.0
D,None,None,None,None
P,-177.88157653808594,480.0,504.8477783203125,100.0
D,None,None,None,None
P,-178.03765869140625,480.0,504.9256896972656,100.0
D,None,None,None,None
P,-178.19345092773438,480.0,504.98297119140625,100.0
D,-130.63636363636365, 480, 468.1515151515152, 100
P,-172.0203399658203,480.0,500.4582214355469,100.0
D,-118.73684210526318, 480, 471.2631578947369, 100
P,-164.78713989257812,480.0,496.6627502441406,100.0
D,None,None,None,None
P,-158.12478637695312,480.0,493.1544494628906,100.0
D,None,None,None,None
P,-151.93142700195312,480.0,489.8923034667969,100.0
D,None,None,None,None
P,-146.3250274658203,480.0,486.9231872558594,100.0
D,-132.28205128205127, 480, 462.07692307692304, 100
P,-142.8226318359375,480.0,482.985107421875,100.0
D,None,None,None,None
P,-139.72604370117188,480.0,479.39703369140625,100.0
D,None,None,None,None
P,-136.88682556152344,480.0,476.0801086425781,100.0
D,None,None,None,None
P,-134.48484802246094,480.0,473.1437072753906,100.0
D,None,None,None,None
P,-132.23423767089844,480.0,470.40411376953125,100.0
D,None,None,None,None
P,-130.19125366210938,480.0,467.8839416503906,100.0
D,None,None,None,None
P,-128.48110961914062,480.0,465.67340087890625,100.0
D,None,None,None,None
P,-127.03401184082031,480.0,463.72625732421875,100.0
D,None,None,None,None
P,-125.85723876953125,480.0,462.05072021484375,100.0
D,None,None,None,None
P,-124.8448486328125,480.0,460.56207275390625,100.0
D,None,None,None,None
P,-124.10222625732422,480.0,459.34661865234375,100.0
D,None,None,None,None
P,-123.4089126586914,480.0,458.2178039550781,100.0
D,None,None,None,None
P,-122.84333801269531,480.0,457.23663330078125,100.0
D,None,None,None,None
P,-122.4271240234375,480.0,456.4208679199219,100.0
D,None,None,None,None
P,-122.18618774414062,480.0,455.7947692871094,100.0
D,None,None,None,None
P,-121.93289947509766,480.0,455.1860656738281,100.0
D,None,None,None,None
P,-121.8443603515625,480.0,454.7552490234375,100.0
D,None,None,None,None
P,-121.8503646850586,480.0,454.4383850097656,100.0
D,None,None,None,None
P,-121.87482452392578,480.0,454.1614685058594,100.0
D,None,None,None,None
P,-121.98445892333984,480.0,453.98712158203125,100.0
D,None,None,None,None
P,-122.1626968383789,480.0,453.8995361328125,100.0
D,None,None,None,None
P,-122.33019256591797,480.0,453.81842041015625,100.0
D,None,None,None,None
P,-122.56065368652344,480.0,453.81622314453125,100.0
D,None,None,None,None
P,-122.78819274902344,480.0,453.8249206542969,100.0
D,None,None,None,None
P,-123.13026428222656,480.0,453.96649169921875,100.0
D,None,None,None,None
P,-123.56167602539062,480.0,454.2185974121094,100.0
D,None,None,None,None
P,-123.95465087890625,480.0,454.4457092285156,100.0
D,None,None,None,None
P,-124.34056854248047,480.0,454.6789855957031,100.0
D,None,None,None,None
P,-124.74879455566406,480.0,454.9499816894531,100.0
D,None,None,None,None
P,-125.14506530761719,480.0,455.2201843261719,100.0
D,None,None,None,None
P,-125.58293914794922,480.0,455.5506591796875,100.0
D,None,None,None,None
P,-126.00399017333984,480.0,455.8750305175781,100.0
D,None,None,None,None
P,-126.42969512939453,480.0,456.2181701660156,100.0
D,None,None,None,None
P,-126.82251739501953,480.0,456.53424072265625,100.0
D,None,None,None,None
P,-127.1771011352539,480.0,456.8133544921875,100.0
D,None,None,None,None
P,-127.55318450927734,480.0,457.1296691894531,100.0
D,None,None,None,None
P,-127.93560791015625,480.0,457.46673583984375,100.0
D,None,None,None,None
P,-128.30552673339844,480.0,457.80126953125,100.0
D,None,None,None,None
P,-128.6513671875,480.0,458.1168212890625,100.0
D,None,None,None,None
P,-128.98033142089844,480.0,458.4227600097656,100.0
D,None,None,None,None
P,-129.2864227294922,480.0,458.7089538574219,100.0
D,None,None,None,None
P,-129.5740203857422,480.0,458.98052978515625,100.0
D,None,None,None,None
P,-129.8444366455078,480.0,459.2381286621094,100.0
D,None,None,None,None
P,-130.09799194335938,480.0,459.4797058105469,100.0
D,None,None,None,None
P,-130.33676147460938,480.0,459.703125,100.0
D,None,None,None,None
P,-130.57022094726562,480.0,459.9380187988281,100.0
D,None,None,None,None
P,-130.7879638671875,480.0,460.15472412109375,100.0
D,None,None,None,None
P,-130.99057006835938,480.0,460.36651611328125,100.0
D,None,None,None,None
P,-131.1770782470703,480.0,460.56268310546875,100.0
D,None,None,None,None
P,-131.34547424316406,480.0,460.7455749511719,100.0
D,None,None,None,None
P,-131.5037841796875,480.0,460.9139709472656,100.0
D,None,None,None,None
P,-131.65379333496094,480.0,461.07275390625,100.0
D,None,None,None,None
P,-131.79669189453125,480.0,461.2242736816406,100.0
D,None,None,None,None
P,-131.92105102539062,480.0,461.3637390136719,100.0
D,None,None,None,None
P,-132.03173828125,480.0,461.49127197265625,100.0
D,None,None,None,None
P,-132.13365173339844,480.0,461.6095275878906,100.0
D,None,None,None,None
P,-132.22996520996094,480.0,461.7210693359375,100.0
D,None,None,None,None
P,-132.30531311035156,480.0,461.8157958984375,100.0
D,None,None,None,None
P,-132.37570190429688,480.0,461.9039611816406,100.0
D,None,None,None,None
P,-132.43966674804688,480.0,461.9850769042969,100.0
D,None,None,None,None
P,-132.4845733642578,480.0,462.0493469238281,100.0
D,None,None,None,None
P,-132.5212860107422,480.0,462.1046447753906,100.0
D,None,None,None,None
P,-132.55369567871094,480.0,462.1543273925781,100.0
D,None,None,None,None
P,-132.57666015625,480.0,462.1942443847656,100.0
D,None,None,None,None
P,-132.59193420410156,480.0,462.225830078125,100.0
D,None,None,None,None
P,-132.60635375976562,480.0,462.25506591796875,100.0
D,None,None,None,None
P,-132.6153564453125,480.0,462.2781677246094,100.0
D,None,None,None,None
P,-132.62307739257812,480.0,462.2989196777344,100.0
D,None,None,None,None
P,-132.62249755859375,480.0,462.3108825683594,100.0
D,None,None,None,None
P,-132.61865234375,480.0,462.31866455078125,100.0
D,None,None,None,None
P,-132.6186065673828,480.0,462.32916259765625,100.0
D,None,None,None,None
P,-132.6181182861328,480.0,462.3385925292969,100.0
D,None,None,None,None
P,-132.60997009277344,480.0,462.33978271484375,100.0
D,None,None,None,None
P,-132.60220336914062,480.0,462.34063720703125,100.0
D,None,None,None,None
P,-132.5993194580078,480.0,462.3459167480469,100.0
D,None,None,None,None
P,-132.5893096923828,480.0,462.34344482421875,100.0
D,None,None,None,None
P,-132.57643127441406,480.0,462.3374328613281,100.0
D,None,None,None,None
P,-132.56161499023438,480.0,462.3287353515625,100.0
D,None,None,None,None
P,-132.54795837402344,480.0,462.3206787109375,100.0
D,None,None,None,None
P,-132.53482055664062,480.0,462.31268310546875,100.0
D,None,None,None,None
P,-132.5227508544922,480.0,462.3054504394531,100.0
D,None,None,None,None
P,-132.50909423828125,480.0,462.2960205078125,100.0
D,None,None,None,None
P,-132.49609375,480.0,462.2869567871094,100.0
D,None,None,None,None
P,-132.48556518554688,480.0,462.280517578125,100.0
D,None,None,None,None
P,-132.4708709716797,480.0,462.2687683105469,100.0
D,None,None,None,None
P,-132.45529174804688,480.0,462.25537109375,100.0
D,None,None,None,None
P,-132.44100952148438,480.0,462.2430725097656,100.0
D,None,None,None,None
P,-132.42730712890625,480.0,462.23095703125,100.0
D,None,None,None,None
P,-132.41432189941406,480.0,462.21923828125,100.0
D,None,None,None,None
P,-132.40200805664062,480.0,462.2078857421875,100.0
D,None,None,None,None
P,-132.39100646972656,480.0,462.1979064941406,100.0
D,None,None,None,None
P,-132.38034057617188,480.0,462.1878967285156,100.0
D,None,None,None,None
P,-132.3704071044922,480.0,462.17852783203125,100.0
D,None,None,None,None
P,-132.361083984375,480.0,462.1695861816406,100.0
D,None,None,None,None
P,-132.3522491455078,480.0,462.16082763671875,100.0
D,None,None,None,None
P,-132.34413146972656,480.0,462.15277099609375,100.0
D,None,None,None,None
P,-132.33660888671875,480.0,462.1452941894531,100.0
D,None,None,None,None
P,-132.32962036132812,480.0,462.1381530761719,100.0
D,None,None,None,None
P,-132.3231658935547,480.0,462.1315002441406,100.0
D,None,None,None,None
P,-132.3171844482422,480.0,462.1252746582031,100.0
D,None,None,None,None
P,-132.31175231933594,480.0,462.1194763183594,100.0
D,None,None,None,None
P,-132.30674743652344,480.0,462.11407470703125,100.0
D,None,None,None,None
P,-132.3020782470703,480.0,462.10906982421875,100.0
D,None,None,None,None
P,-132.2979278564453,480.0,462.1044616699219,100.0
D,None,None,None,None
P,-132.2942352294922,480.0,462.1002197265625,100.0
D,None,None,None,None
P,-132.29087829589844,480.0,462.09637451171875,100.0
D,None,None,None,None
P,-132.2877960205078,480.0,462.0928039550781,100.0
D,None,None,None,None
P,-132.28500366210938,480.0,462.0895080566406,100.0
D,None,None,None,None
P,-132.2825927734375,480.0,462.0865478515625,100.0
D,None,None,None,None
P,-132.2805633544922,480.0,462.0839538574219,100.0
D,None,None,None,None
P,-132.2787628173828,480.0,462.08160400390625,100.0
D,None,None,None,None
P,-132.27711486816406,480.0,462.0794372558594,100.0
D,None,None,None,None
P,-132.27584838867188,480.0,462.07763671875,100.0
D,None,None,None,None
P,-132.2747039794922,480.0,462.07598876953125,100.0
D,None,None,None,None
P,-132.27383422851562,480.0,462.07464599609375,100.0
D,None,None,None,None
P,-132.27296447753906,480.0,462.0733337402344,100.0
D,None,None,None,None
P,-132.27244567871094,480.0,462.0723571777344,100.0
D,None,None,None,None
P,-132.2719268798828,480.0,462.0714416503906,100.0
D,None,None,None,None
P,-132.2714385986328,480.0,462.070556640625,100.0
D,None,None,None,None
P,-132.27114868164062,480.0,462.06988525390625,100.0
D,None,None,None,None
P,-132.2709197998047,480.0,462.06927490234375,100.0
D,None,None,None,None
P,-132.2707977294922,480.0,462.06878662109375,100.0
D,None,None,None,None
P,-132.27088928222656,480.0,462.06854248046875,100.0
D,None,None,None,None
P,-132.27098083496094,480.0,462.0683288574219,100.0
D,None,None,None,None
P,-132.2710723876953,480.0,462.0681457519531,100.0
D,None,None,None,None
P,-132.27125549316406,480.0,462.06805419921875,100.0
D,None,None,None,None
P,-132.2716064453125,480.0,462.0681457519531,100.0
D,None,None,None,None
P,-132.2718963623047,480.0,462.06817626953125,100.0
D,None,None,None,None
P,-132.27227783203125,480.0,462.0683288574219,100.0
D,None,None,None,None
P,-132.27261352539062,480.0,462.0684509277344,100.0
D,None,None,None,None
P,-132.27296447753906,480.0,462.0686340332031,100.0
D,None,None,None,None
P,-132.27342224121094,480.0,462.06890869140625,100.0
D,None,None,None,None
P,-132.2738494873047,480.0,462.0691833496094,100.0
D,None,None,None,None
P,-132.27423095703125,480.0,462.0694274902344,100.0
D,None,None,None,None
P,-132.2747039794922,480.0,462.06976318359375,100.0
D,None,None,None,None
P,-132.275146484375,480.0,462.0700988769531,100.0
D,None,None,None,None
P,-132.27560424804688,480.0,462.0704650878906,100.0
D,None,None,None,None
P,-132.27603149414062,480.0,462.07080078125,100.0
D,None,None,None,None
P,-132.27645874023438,480.0,462.0711669921875,100.0
D,None,None,None,None
P,-132.27687072753906,480.0,462.0715026855469,100.0
D,None,None,None,None
P,-132.27725219726562,480.0,462.07183837890625,100.0
D,None,None,None,None
P,-132.2776336669922,480.0,462.07220458984375,100.0
D,None,None,None,None
P,-132.2780303955078,480.0,462.07257080078125,100.0
D,None,None,None,None
P,-132.27838134765625,480.0,462.0729064941406,100.0
D,None,None,None,None
P,-132.27871704101562,480.0,462.0732421875,100.0
D,None,None,None,None
P,-132.27903747558594,480.0,462.07354736328125,100.0
D,None,None,None,None
P,-132.2793426513672,480.0,462.0738525390625,100.0
D,None,None,None,None
P,-132.27963256835938,480.0,462.0741271972656,100.0
D,None,None,None,None
P,-132.27989196777344,480.0,462.0743713378906,100.0
D,None,None,None,None
P,-132.28013610839844,480.0,462.0746154785156,100.0
D,None,None,None,None
P,-132.28036499023438,480.0,462.0748291015625,100.0
D,None,None,None,None
P,-132.28057861328125,480.0,462.0750427246094,100.0
D,None,None,None,None
P,-132.28079223632812,480.0,462.0752258300781,100.0
D,None,None,None,None
P,-132.28097534179688,480.0,462.075439453125,100.0
D,None,None,None,None
P,-132.28115844726562,480.0,462.07562255859375,100.0
D,None,None,None,None
P,-132.28131103515625,480.0,462.0757751464844,100.0
D,None,None,None,None
P,-132.28146362304688,480.0,462.0759582519531,100.0
D,None,None,None,None
P,-132.28160095214844,480.0,462.07611083984375,100.0
D,None,None,None,None
P,-132.28172302246094,480.0,462.07623291015625,100.0
D,None,None,None,None
P,-132.28182983398438,480.0,462.07635498046875,100.0
D,None,None,None,None
P,-132.2819366455078,480.0,462.0764465332031,100.0
D,None,None,None,None
P,-132.2820281982422,480.0,462.0765686035156,100.0
D,None,None,None,None
P,-132.2821044921875,480.0,462.07666015625,100.0
D,None,None,None,None
P,-132.2821807861328,480.0,462.0767517089844,100.0
D,None,None,None,None
P,-132.2822265625,480.0,462.07684326171875,100.0
D,None,None,None,None
P,-132.2822723388672,480.0,462.076904296875,100.0
D,None,None,None,None
P,-132.2823028564453,480.0,462.07696533203125,100.0
D,None,None,None,None
P,-132.28233337402344,480.0,462.0770263671875,100.0
D,None,None,None,None
P,-132.28236389160156,480.0,462.07708740234375,100.0
D,None,None,None,None
P,-132.2823944091797,480.0,462.0771179199219,100.0
D,None,None,None,None
P,-132.28240966796875,480.0,462.0771484375,100.0
D,None,None,None,None
P,-132.2824249267578,480.0,462.0771789550781,100.0
D,None,None,None,None
P,-132.2824249267578,480.0,462.07720947265625,100.0
D,None,None,None,None
P,-132.2824249267578,480.0,462.07720947265625,100.0
D,None,None,None,None
P,-132.2824249267578,480.0,462.07720947265625,100.0
D,None,None,None,None
P,-132.2824249267578,480.0,462.07720947265625,100.0
D,None,None,None,None
P,-132.2824249267578,480.0,462.07720947265625,100.0
D,None,None,None,None
P,-132.2824249267578,480.0,462.07720947265625,100.0
D,None,None,None,None
P,-132.2824249267578,480.0,462.07720947265625,100.0
D,None,None,None,None
P,-132.28240966796875,480.0,462.07720947265625,100.0
D,None,None,None,None
P,-132.2823944091797,480.0,462.07720947265625,100.0
D,None,None,None,None
P,-132.28237915039062,480.0,462.07720947265625,100.0
D,None,None,None,None
P,-132.28236389160156,480.0,462.07720947265625,100.0
D,None,None,None,None
P,-132.2823486328125,480.0,462.07720947265625,100.0
D,None,None,None,None
P,-132.2823486328125,480.0,462.07720947265625,100.0
D,None,None,None,None
P,-132.28233337402344,480.0,462.07720947265625,100.0
D,None,None,None,None
P,-132.28231811523438,480.0,462.07720947265625,100.0
D,None,None,None,None
P,-132.2823028564453,480.0,462.07720947265625,100.0
D,None,None,None,None
P,-132.28228759765625,480.0,462.0771789550781,100.0
D,None,None,None,None
P,-132.2822723388672,480.0,462.0771484375,100.0
D,None,None,None,None
P,-132.28225708007812,480.0,462.0771179199219,100.0
D,None,None,None,None
P,-132.28224182128906,480.0,462.07708740234375,100.0
D,None,None,None,None
P,-132.2822265625,480.0,462.0770568847656,100.0
D,None,None,None,None
P,-132.28221130371094,480.0,462.0770568847656,100.0
D,None,None,None,None
P,-132.28219604492188,480.0,462.0770568847656,100.0
D,None,None,None,None
P,-132.2821807861328,480.0,462.0770568847656,100.0
D,None,None,None,None
P,-132.28216552734375,480.0,462.0770568847656,100.0
D,None,None,None,None
P,-132.2821502685547,480.0,462.0770568847656,100.0
D,None,None,None,None
P,-132.28213500976562,480.0,462.0770568847656,100.0
D,None,None,None,None
P,-132.28211975097656,480.0,462.0770568847656,100.0
D,None,None,None,None
P,-132.28211975097656,480.0,462.0770568847656,100.0
D,None,None,None,None
P,-132.28211975097656,480.0,462.0770568847656,100.0
D,None,None,None,None
P,-132.28211975097656,480.0,462.0770568847656,100.0
D,None,None,None,None
P,-132.2821044921875,480.0,462.0770263671875,100.0
D,None,None,None,None
P,-132.2821044921875,480.0,462.0770263671875,100.0
D,None,None,None,None
P,-132.2821044921875,480.0,462.0770263671875,100.0
D,None,None,None,None
P,-132.2821044921875,480.0,462.0770263671875,100.0
D,None,None,None,None
P,-132.2821044921875,480.0,462.0770263671875,100.0
D,None,None,None,None
P,-132.2821044921875,480.0,462.0770263671875,100.0
D,None,None,None,None
P,-132.2821044921875,480.0,462.0770263671875,100.0
D,None,None,None,None
P,-132.2821044921875,480.0,462.0770263671875,100.0
D,None,None,None,None
P,-132.2821044921875,480.0,462.0770263671875,100.0
D,None,None,None,None
P,-132.2821044921875,480.0,462.0770263671875,100.0
D,None,None,None,None
P,-132.2821044921875,480.0,462.0770263671875,100.0
D,None,None,None,None
P,-132.2821044921875,480.0,462.0770263671875,100.0
D,None,None,None,None
P,-132.2821044921875,480.0,462.0770263671875,100.0
D,None,None,None,None
P,-132.2821044921875,480.0,462.0770263671875,100.0
D,None,None,None,None
P,-132.2821044921875,480.0,462.0770263671875,100.0
D,None,None,None,None
P,-132.2821044921875,480.0,462.0770263671875,100.0
D,None,None,None,None
P,-132.2821044921875,480.0,462.0770263671875,100.0
D,None,None,None,None
P,-132.2821044921875,480.0,462.0770263671875,100.0
D,None,None,None,None
P,-132.2821044921875,480.0,462.0770263671875,100.0
D,None,None,None,None
P,-132.2821044921875,480.0,462.0770263671875,100.0
D,None,None,None,None
P,-132.2821044921875,480.0,462.0770263671875,100.0
D,None,None,None,None
P,-132.2821044921875,480.0,462.0769958496094,100.0
D,None,None,None,None
P,-132.2821044921875,480.0,462.0769958496094,100.0
D,None,None,None,None
P,-132.28208923339844,480.0,462.07696533203125,100.0
D,None,None,None,None
P,-132.28207397460938,480.0,462.0769348144531,100.0
D,None,None,None,None
P,-132.2820587158203,480.0,462.076904296875,100.0
D,None,None,None,None
P,-132.28204345703125,480.0,462.0768737792969,100.0
D,None,None,None,None
P,-132.2820281982422,480.0,462.07684326171875,100.0
D,None,None,None,None
P,-132.28201293945312,480.0,462.0768127441406,100.0
D,None,None,None,None
P,-132.28199768066406,480.0,462.0768127441406,100.0
D,None,None,None,None
P,-132.28199768066406,480.0,462.0768127441406,100.0
D,None,None,None,None
P,-132.28199768066406,480.0,462.0768127441406,100.0
D,None,None,None,None
P,-132.28199768066406,480.0,462.0768127441406,100.0
D,63.111111111111114, 480, 358.66666666666663, 100
P,-106.75115203857422,480.0,448.5648193359375,100.0
D,37.02521008403361, 480, 391.4789915966387, 100
P,-86.08992767333984,480.0,440.1355285644531,100.0
D,None,None,None,None
P,-67.24559020996094,480.0,432.4924011230469,100.0
D,None,None,None,None
P,-49.79503631591797,480.0,425.4145812988281,100.0
D,None,None,None,None
P,-34.53269958496094,480.0,419.2555847167969,100.0
D,49.35714285714286, 480, 358.7857142857143, 100
P,-18.7001953125,480.0,409.2342529296875,100.0
D,21.0, 480, 401.0, 100
P,-7.848919868469238,480.0,405.51446533203125,100.0
D,None,None,None,None
P,1.747193455696106,480.0,402.2814636230469,100.0
D,None,None,None,None
P,10.390328407287598,480.0,399.39862060546875,100.0
D,None,None,None,None
P,17.77541732788086,480.0,397.0000915527344,100.0
D,19.81818181818182, 480, 386.8636363636363, 100
P,24.268165588378906,480.0,393.0194396972656,100.0
D,None,None,None,None
P,29.535953521728516,480.0,389.6601257324219,100.0
D,None,None,None,None
P,34.24820327758789,480.0,386.6283874511719,100.0
D,None,None,None,None
P,37.86041259765625,480.0,384.1675109863281,100.0
D,15.0, 480, 395.0, 100
P,40.54155731201172,480.0,382.9521179199219,100.0
D,None,None,None,None
P,42.837127685546875,480.0,381.9134216308594,100.0
D,None,None,None,None
P,44.82366180419922,480.0,381.0162353515625,100.0
D,None,None,None,None
P,46.34739685058594,480.0,380.3318786621094,100.0
D,3.1666666666666643, 480, 399.0, 100
P,45.742916107177734,480.0,380.4443054199219,100.0
D,5.230769230769226, 480, 399.84615384615387, 100
P,45.75830078125,480.0,380.5091247558594,100.0
D,None,None,None,None
P,45.13969039916992,480.0,380.8639831542969,100.0
D,None,None,None,None
P,44.699195861816406,480.0,381.1321716308594,100.0
D,None,None,None,None
P,43.87984085083008,480.0,381.5720520019531,100.0
D,None,None,None,None
P,42.6722412109375,480.0,382.18731689453125,100.0
D,None,None,None,None
P,41.37244415283203,480.0,382.84112548828125,100.0
D,None,None,None,None
P,39.99217987060547,480.0,383.52825927734375,100.0
D,None,None,None,None
P,38.20982360839844,480.0,384.3959045410156,100.0
D,None,None,None,None
P,36.5344352722168,480.0,385.21051025390625,100.0
D,-2.9740259740259773, 480, 406.6363636363636, 100
P,33.80533218383789,480.0,386.9007568359375,100.0
D,0.5, 480, 393.1666666666667, 100
P,31.631563186645508,480.0,386.7497253417969,100.0
D,None,None,None,None
P,29.5032958984375,480.0,386.6566162109375,100.0
D,None,None,None,None
P,27.34259033203125,480.0,386.66204833984375,100.0
D,4.696629213483149, 480, 410.314606741573, 100
P,25.917694091796875,480.0,388.90472412109375,100.0
D,10.393939393939391, 480, 401.90909090909093, 100
P,25.213342666625977,480.0,389.9569091796875,100.0
D,1.0, 480, 381.0, 100
P,23.23611831665039,480.0,388.19488525390625,100.0
D,None,None,None,None
P,21.322175979614258,480.0,386.5872497558594,100.0
D,None,None,None,None
P,19.432809829711914,480.0,385.17755126953125,100.0
D,10.0, 480, 390.0, 100
P,18.87096405029297,480.0,385.08514404296875,100.0
D,10.0, 480, 390.0, 100
P,18.29199981689453,480.0,385.06341552734375,100.0
D,-8.292682926829272, 480, 399.5121951219512, 100
P,15.288885116577148,480.0,386.3526306152344,100.0
D,None,None,None,None
P,12.504725456237793,480.0,387.5496520996094,100.0
D,None,None,None,None
P,9.89796257019043,480.0,388.71136474609375,100.0
D,5.333333333333336, 480, 399.4074074074074, 100
P,9.290855407714844,480.0,389.7944641113281,100.0
D,6.648648648648653, 480, 396.9189189189189, 100
P,8.905082702636719,480.0,390.47979736328125,100.0
D,None,None,None,None
P,8.551764488220215,480.0,391.1266174316406,100.0
D,None,None,None,None
P,8.22546672821045,480.0,391.7294921875,100.0
D,0.22105263157894228, 480, 404.22105263157897, 100
P,7.0906267166137695,480.0,393.26007080078125,100.0
D,2.430379746835442, 480, 396.8607594936709, 100
P,6.34511661529541,480.0,393.7129211425781,100.0
D,7.648648648648647, 480, 372.2432432432432, 100
P,6.342920780181885,480.0,390.9450988769531,100.0
D,None,None,None,None
P,6.338389873504639,480.0,388.3820495605469,100.0
D,None,None,None,None
P,6.340414524078369,480.0,385.9972839355469,100.0
D,-17.333333333333336, 480, 404.88888888888886, 100
P,3.109961748123169,480.0,388.0426025390625,100.0
D,-18.5078125, 480, 406.0234375, 100
P,-0.04476289823651314,480.0,390.1125793457031,100.0
D,None,None,None,None
P,-2.9160828590393066,480.0,392.058349609375,100.0
D,None,None,None,None
P,-5.600851058959961,480.0,393.8639221191406,100.0
D,-5.275862068965516, 480, 400.9310344827586, 100
P,-6.29139518737793,480.0,394.8757629394531,100.0
D,-5.160305343511453, 480, 400.9465648854962, 100
P,-6.896346092224121,480.0,395.8142395019531,100.0
D,-7.230215827338128, 480, 400.1079136690647, 100
P,-7.658117294311523,480.0,396.5599365234375,100.0
D,None,None,None,None
P,-8.35004997253418,480.0,397.24798583984375,100.0
D,None,None,None,None
P,-8.917659759521484,480.0,397.8626403808594,100.0
D,-8.273333333333333, 480, 399.59333333333336, 100
P,-9.58917236328125,480.0,398.36962890625,100.0
D,-10.68, 480, 408.84000000000003, 100
P,-10.440166473388672,480.0,400.0185241699219,100.0
D,None,None,None,None
P,-11.230830192565918,480.0,401.5517578125,100.0
D,None,None,None,None
P,-11.853299140930176,480.0,402.91314697265625,100.0
D,None,None,None,None
P,-12.445655822753906,480.0,404.18389892578125,100.0
D,-4.257575757575758, 480, 404.530303030303, 100
P,-12.09290885925293,480.0,404.7580871582031,100.0
D,-4.259842519685037, 480, 402.66929133858264, 100
P,-11.704237937927246,480.0,404.9978332519531,100.0
D,None,None,None,None
P,-11.323287010192871,480.0,405.2017517089844,100.0
D,None,None,None,None
P,-10.95114803314209,480.0,405.3752136230469,100.0
D,-17.631578947368418, 480, 402.36842105263156, 100
P,-12.292007446289062,480.0,405.4394226074219,100.0
D,-10.630769230769232, 480, 410.2923076923077, 100
P,-12.621933937072754,480.0,406.5332946777344,100.0
D,0.0, 480, 380.0, 100
P,-11.471010208129883,480.0,403.53826904296875,100.0
D,None,None,None,None
P,-10.415129661560059,480.0,400.77490234375,100.0
D,None,None,None,None
P,-9.379928588867188,480.0,398.1934509277344,100.0
D,-9.842105263157897, 480, 410.1578947368421, 100
P,-9.734522819519043,480.0,399.701904296875,100.0
D,-7.214285714285715, 480, 399.92857142857144, 100
P,-9.68069076538086,480.0,399.7823791503906,100.0
D,None,None,None,None
P,-9.59817123413086,480.0,399.8504638671875,100.0
D,None,None,None,None
P,-9.508772850036621,480.0,399.91021728515625,100.0
D,-26.00892857142857, 480, 411.66964285714283, 100
P,-11.858592987060547,480.0,401.4845275878906,100.0
D,-9.158730158730158, 480, 410.04761904761904, 100
P,-11.844388961791992,480.0,402.7328186035156,100.0
D,-11.26086956521739, 480, 410.04347826086956, 100
P,-12.08366584777832,480.0,403.8821105957031,100.0
D,None,None,None,None
P,-12.275992393493652,480.0,404.9251403808594,100.0
D,None,None,None,None
P,-12.438371658325195,480.0,405.875,100.0
D,-22.440000000000005, 480, 418.36, 100
P,-14.009743690490723,480.0,407.8056640625,100.0
D,4.0, 480, 384.0, 100
P,-12.052459716796875,480.0,405.1622619628906,100.0
D,None,None,None,None
P,-10.234216690063477,480.0,402.7067565917969,100.0
D,None,None,None,None
P,-8.525371551513672,480.0,400.4076232910156,100.0
D,None,None,None,None
P,-6.941237449645996,480.0,398.2738342285156,100.0
D,4.0, 480, 384.0, 100
P,-5.465592384338379,480.0,396.2916259765625,100.0
D,-2.240000000000002, 480, 405.12, 100
P,-4.909364223480225,480.0,397.1784973144531,100.0
D,None,None,None,None
P,-4.393111705780029,480.0,397.9996337890625,100.0
D,None,None,None,None
P,-3.915954351425171,480.0,398.7715759277344,100.0
D,-3.5098039215686256, 480, 406.29411764705884, 100
P,-3.652620553970337,480.0,399.6535339355469,100.0
D,1.6363636363636331, 480, 393.1515151515151, 100
P,-2.7553493976593018,480.0,398.78680419921875,100.0
D,None,None,None,None
P,-1.9204950332641602,480.0,397.9768981933594,100.0
D,None,None,None,None
P,-1.1816895008087158,480.0,397.2366638183594,100.0
D,None,None,None,None
P,-0.5236710906028748,480.0,396.5645446777344,100.0
D,-16.307692307692307, 480, 407.53846153846155, 100
P,-2.204876661300659,480.0,397.78448486328125,100.0
D,5.0, 480, 385.0, 100
P,-1.0531060695648193,480.0,396.0217590332031,100.0
D,None,None,None,None
P,0.028824545443058014,480.0,394.3710632324219,100.0
D,None,None,None,None
P,0.9903061389923096,480.0,392.87054443359375,100.0
D,-20.636363636363633, 480, 419.8181818181818, 100
P,-1.4840192794799805,480.0,396.0414123535156,100.0
D,-10.971830985915496, 480, 401.14084507042253, 100
P,-2.528092861175537,480.0,396.5582275390625,100.0
D,None,None,None,None
P,-3.4963910579681396,480.0,397.03839111328125,100.0
D,None,None,None,None
P,-4.4006571769714355,480.0,397.4903564453125,100.0
D,None,None,None,None
P,-5.241842746734619,480.0,397.9115905761719,100.0
D,4.223684210526315, 480, 399.2236842105263, 100
P,-4.05526876449585,480.0,398.05731201171875,100.0
D,6.228346456692918, 480, 401.1889763779527, 100
P,-2.6724436283111572,480.0,398.45465087890625,100.0
D,None,None,None,None
P,-1.390775442123413,480.0,398.8258056640625,100.0
D,None,None,None,None
P,-0.21031975746154785,480.0,399.16876220703125,100.0
D,2.576086956521742, 480, 411.4891304347826, 100
P,0.38605719804763794,480.0,400.8404235839844,100.0
D,10.676470588235297, 480, 401.8529411764706, 100
P,1.9888263940811157,480.0,401.1137390136719,100.0
D,-4.292682926829272, 480, 403.5121951219512, 100
P,1.4999350309371948,480.0,401.5815124511719,100.0
D,None,None,None,None
P,1.0040717124938965,480.0,401.98980712890625,100.0
D,None,None,None,None
P,0.5532166361808777,480.0,402.370849609375,100.0
D,17.0, 480, 397.0, 100
P,2.881071090698242,480.0,401.85406494140625,100.0
D,2.615384615384613, 480, 394.3076923076923, 100
P,3.166984796524048,480.0,401.0269775390625,100.0
D,None,None,None,None
P,3.4120099544525146,480.0,400.2507629394531,100.0
D,None,None,None,None
P,3.5880050659179688,480.0,399.525634765625,100.0
D,18.0, 480, 398.0, 100
P,5.706049919128418,480.0,399.33331298828125,100.0
D,17.0, 480, 397.0, 100
P,7.555246353149414,480.0,399.0277099609375,100.0
D,None,None,None,None
P,9.251175880432129,480.0,398.74359130859375,100.0
D,None,None,None,None
P,10.815885543823242,480.0,398.4793395996094,100.0
D,None,None,None,None
P,12.163714408874512,480.0,398.2425842285156,100.0
D,None,None,None,None
P,13.513318061828613,480.0,398.0132141113281,100.0
D,None,None,None,None
P,14.700937271118164,480.0,397.8052978515625,100.0
D,None,None,None,None
P,15.795212745666504,480.0,397.6120910644531,100.0
D,None,None,None,None
P,16.726472854614258,480.0,397.44171142578125,100.0
D,None,None,None,None
P,17.56943130493164,480.0,397.2857360839844,100.0
D,24.0, 480, 404.0, 100
P,19.15576934814453,480.0,398.0818786621094,100.0
D,None,None,None,None
P,20.637426376342773,480.0,398.8175048828125,100.0
D,None,None,None,None
P,22.123218536376953,480.0,399.5111389160156,100.0
D,None,None,None,None
P,23.317331314086914,480.0,400.16119384765625,100.0
D,14.0, 480, 394.0, 100
P,22.89935874938965,480.0,399.4006042480469,100.0
D,None,None,None,None
P,22.488418579101562,480.0,398.7066650390625,100.0
D,None,None,None,None
P,22.11511993408203,480.0,398.0699768066406,100.0
D,None,None,None,None
P,21.714521408081055,480.0,397.48602294921875,100.0
D,None,None,None,None
P,21.293781280517578,480.0,396.9553527832031,100.0
D,None,None,None,None
P,20.893455505371094,480.0,396.4697265625,100.0
D,None,None,None,None
P,20.480812072753906,480.0,396.0324401855469,100.0
D,None,None,None,None
P,20.124147415161133,480.0,395.6193542480469,100.0
D,None,None,None,None
P,19.758438110351562,480.0,395.2437438964844,100.0
D,20.343283582089548, 480, 389.0, 100
P,20.149555206298828,480.0,394.29156494140625,100.0
D,16.0, 480, 396.0, 100
P,19.975175857543945,480.0,394.3023376464844,100.0
D,None,None,None,None
P,19.785293579101562,480.0,394.3292541503906,100.0
D,None,None,None,None
P,19.58344078063965,480.0,394.37054443359375,100.0
D,None,None,None,None
P,19.391799926757812,480.0,394.4122009277344,100.0
D,25.0, 480, 405.0, 100
P,20.325868606567383,480.0,395.58514404296875,100.0
D,45.17391304347826, 480, 386.6231884057971, 100
P,23.706825256347656,480.0,394.38153076171875,100.0
D,None,None,None,None
P,26.817934036254883,480.0,393.2727966308594,100.0
D,None,None,None,None
P,29.647754669189453,480.0,392.2630920410156,100.0
D,39.733333333333334, 480, 394.4, 100
P,31.542932510375977,480.0,392.30535888671875,100.0
D,21.0, 480, 401.0, 100
P,31.00679588317871,480.0,393.1523742675781,100.0
D,None,None,None,None
P,30.440570831298828,480.0,393.9572448730469,100.0
D,None,None,None,None
P,29.936870574951172,480.0,394.7034912109375,100.0
D,18.0, 480, 398.0, 100
P,28.9853458404541,480.0,395.0469665527344,100.0
D,18.0, 480, 398.0, 100
P,28.099699020385742,480.0,395.3646240234375,100.0
D,28.184615384615384, 480, 381.87692307692305, 100
P,28.514110565185547,480.0,393.6996765136719,100.0
D,None,None,None,None
P,28.850801467895508,480.0,392.16131591796875,100.0
D,None,None,None,None
P,29.165245056152344,480.0,390.73193359375,100.0
D,28.156716417910452, 480, 382.6343283582089, 100
P,29.415672302246094,480.0,389.51568603515625,100.0
D,29.045112781954884, 480, 383.3308270676692, 100
P,29.748680114746094,480.0,388.473876953125,100.0
D,None,None,None,None
P,30.01308250427246,480.0,387.54498291015625,100.0
D,None,None,None,None
P,30.247554779052734,480.0,386.69537353515625,100.0
D,None,None,None,None
P,30.452810287475586,480.0,385.9194030761719,100.0
D,None,None,None,None
P,30.621061325073242,480.0,385.2235107421875,100.0
D,None,None,None,None
P,30.748287200927734,480.0,384.61322021484375,100.0
D,None,None,None,None
P,30.837202072143555,480.0,384.0868225097656,100.0
D,None,None,None,None
P,30.917747497558594,480.0,383.60302734375,100.0
D,None,None,None,None
P,30.969736099243164,480.0,383.18719482421875,100.0
D,None,None,None,None
P,31.016157150268555,480.0,382.80438232421875,100.0
D,None,None,None,None
P,31.04767608642578,480.0,382.4658508300781,100.0
D,None,None,None,None
P,31.084392547607422,480.0,382.1371154785156,100.0
D,None,None,None,None
P,31.166927337646484,480.0,381.74365234375,100.0
D,None,None,None,None
P,31.13886070251465,480.0,381.5497131347656,100.0
D,None,None,None,None
P,31.09317970275879,480.0,381.4058532714844,100.0
D,None,None,None,None
P,31.04638671875,480.0,381.2820739746094,100.0
D,None,None,None,None
P,31.00589942932129,480.0,381.1619873046875,100.0
D,None,None,None,None
P,30.9564151763916,480.0,381.0726318359375,100.0
D,None,None,None,None
P,30.91199493408203,480.0,380.98553466796875,100.0
D,None,None,None,None
P,30.847917556762695,480.0,380.9497985839844,100.0
D,None,None,None,None
P,30.781370162963867,480.0,380.931396484375,100.0
D,None,None,None,None
P,30.718109130859375,480.0,380.9171142578125,100.0
D,None,None,None,None
P,30.65633773803711,480.0,380.9093933105469,100.0
D,None,None,None,None
P,30.583871841430664,480.0,380.93536376953125,100.0
D,None,None,None,None
P,30.513423919677734,480.0,380.9666748046875,100.0
D,None,None,None,None
P,30.450233459472656,480.0,380.9894104003906,100.0
D,None,None,None,None
P,30.38322639465332,480.0,381.029296875,100.0
D,None,None,None,None
P,30.32410430908203,480.0,381.0565490722656,100.0
D,None,None,None,None
P,30.252779006958008,480.0,381.12249755859375,100.0
D,None,None,None,None
P,30.19141960144043,480.0,381.1694030761719,100.0
D,None,None,None,None
P,30.127365112304688,480.0,381.23016357421875,100.0
D,None,None,None,None
P,30.057952880859375,480.0,381.3138732910156,100.0
D,None,None,None,None
P,29.99234390258789,480.0,381.3948059082031,100.0
D,None,None,None,None
P,29.92952537536621,480.0,381.4751281738281,100.0
D,None,None,None,None
P,29.86701774597168,480.0,381.5626525878906,100.0
D,None,None,None,None
P,29.80925178527832,480.0,381.6424560546875,100.0
D,None,None,None,None
P,29.752092361450195,480.0,381.72821044921875,100.0
D,None,None,None,None
P,29.697532653808594,480.0,381.8130798339844,100.0
D,None,None,None,None
P,29.645944595336914,480.0,381.8950500488281,100.0
D,None,None,None,None
P,29.597192764282227,480.0,381.97381591796875,100.0
D,None,None,None,None
P,29.551122665405273,480.0,382.0490417480469,100.0
D,None,None,None,None
P,29.506832122802734,480.0,382.1246643066406,100.0
D,None,None,None,None
P,29.46476936340332,480.0,382.19818115234375,100.0
D,None,None,None,None
P,29.4244441986084,480.0,382.2733154296875,100.0
D,None,None,None,None
P,29.38656997680664,480.0,382.34552001953125,100.0
D,None,None,None,None
P,29.351057052612305,480.0,382.413818359375,100.0
D,None,None,None,None
P,29.3176326751709,480.0,382.47967529296875,100.0
D,None,None,None,None
P,29.28627586364746,480.0,382.5437927246094,100.0
D,None,None,None,None
P,29.256790161132812,480.0,382.6039733886719,100.0
D,None,None,None,None
P,29.229427337646484,480.0,382.6634521484375,100.0
D,None,None,None,None
P,29.20362663269043,480.0,382.7188415527344,100.0
D,None,None,None,None
P,29.180173873901367,480.0,382.7732849121094,100.0
D,None,None,None,None
P,29.158599853515625,480.0,382.8246154785156,100.0
D,None,None,None,None
P,29.138412475585938,480.0,382.8725891113281,100.0
D,None,None,None,None
P,29.120290756225586,480.0,382.91827392578125,100.0
D,None,None,None,None
P,29.102968215942383,480.0,382.9609069824219,100.0
D,None,None,None,None
P,29.087514877319336,480.0,383.00128173828125,100.0
D,None,None,None,None
P,29.073766708374023,480.0,383.0390930175781,100.0
D,None,None,None,None
P,29.06150245666504,480.0,383.0742492675781,100.0
D,None,None,None,None
P,29.050411224365234,480.0,383.10693359375,100.0
D,None,None,None,None
P,29.03973388671875,480.0,383.13775634765625,100.0
D,None,None,None,None
P,29.0314998626709,480.0,383.1654968261719,100.0
D,None,None,None,None
P,29.023143768310547,480.0,383.19189453125,100.0
D,None,None,None,None
P,29.01606559753418,480.0,383.216064453125,100.0
D,None,None,None,None
P,29.00986671447754,480.0,383.23834228515625,100.0
D,None,None,None,None
P,29.00519371032715,480.0,383.2579650878906,100.0
D,None,None,None,None
P,29.001005172729492,480.0,383.27606201171875,100.0
D,None,None,None,None
P,28.99691390991211,480.0,383.293212890625,100.0
D,None,None,None,None
P,28.99361801147461,480.0,383.3086853027344,100.0
D,None,None,None,None
P,28.990707397460938,480.0,383.322998046875,100.0
D,None,None,None,None
P,28.988475799560547,480.0,383.3357849121094,100.0
D,None,None,None,None
P,28.987138748168945,480.0,383.3466796875,100.0
D,None,None,None,None
P,28.98649787902832,480.0,383.3559875488281,100.0
D,None,None,None,None
P,28.986242294311523,480.0,383.3641052246094,100.0
D,None,None,None,None
P,28.9859561920166,480.0,383.37176513671875,100.0
D,None,None,None,None
P,28.986143112182617,480.0,383.37823486328125,100.0
D,None,None,None,None
P,28.98684310913086,480.0,383.3833312988281,100.0
D,None,None,None,None
P,28.987581253051758,480.0,383.3879699707031,100.0
D,None,None,None,None
P,28.9885311126709,480.0,383.391845703125,100.0
D,None,None,None,None
P,28.989587783813477,480.0,383.3951721191406,100.0
D,None,None,None,None
P,28.991167068481445,480.0,383.3971252441406,100.0
D,None,None,None,None
P,28.992534637451172,480.0,383.3992004394531,100.0
D,None,None,None,None
P,28.994264602661133,480.0,383.4002380371094,100.0
D,None,None,None,None
P,28.995887756347656,480.0,383.4012145996094,100.0
D,None,None,None,None
P,28.997478485107422,480.0,383.4020080566406,100.0
D,None,None,None,None
P,28.999588012695312,480.0,383.4013977050781,100.0
D,None,None,None,None
P,29.00147247314453,480.0,383.4010009765625,100.0
D,None,None,None,None
P,29.003393173217773,480.0,383.4002990722656,100.0
D,None,None,None,None
P,29.00531578063965,480.0,383.39935302734375,100.0
D,None,None,None,None
P,29.007387161254883,480.0,383.3977966308594,100.0
D,None,None,None,None
P,29.009357452392578,480.0,383.39630126953125,100.0
D,None,None,None,None
P,29.01155662536621,480.0,383.3939514160156,100.0
D,None,None,None,None
P,29.013626098632812,480.0,383.3916931152344,100.0
D,None,None,None,None
P,29.015653610229492,480.0,383.3893127441406,100.0
D,None,None,None,None
P,29.0175838470459,480.0,383.386962890625,100.0
D,None,None,None,None
P,29.019481658935547,480.0,383.38446044921875,100.0
D,None,None,None,None
P,29.021318435668945,480.0,383.3819274902344,100.0
D,None,None,None,None
P,29.023019790649414,480.0,383.3796081542969,100.0
D,None,None,None,None
P,29.02471923828125,480.0,383.3770446777344,100.0
D,None,None,None,None
P,29.026321411132812,480.0,383.37457275390625,100.0
D,None,None,None,None
P,29.02784538269043,480.0,383.3721618652344,100.0
D,None,None,None,None
P,29.029281616210938,480.0,383.3698425292969,100.0
D,None,None,None,None
P,29.030664443969727,480.0,383.36749267578125,100.0
D,None,None,None,None
P,29.031953811645508,480.0,383.3653259277344,100.0
D,None,None,None,None
P,29.033201217651367,480.0,383.3630676269531,100.0
D,None,None,None,None
P,29.03437042236328,480.0,383.3609313964844,100.0
D,None,None,None,None
P,29.035476684570312,480.0,383.35882568359375,100.0
D,None,None,None,None
P,29.036516189575195,480.0,383.35687255859375,100.0
D,None,None,None,None
P,29.03749656677246,480.0,383.3549499511719,100.0
D,None,None,None,None
P,29.03841781616211,480.0,383.3530578613281,100.0
D,None,None,None,None
P,29.039281845092773,480.0,383.35125732421875,100.0
D,None,None,None,None
P,29.040088653564453,480.0,383.34954833984375,100.0
D,None,None,None,None
P,29.04083251953125,480.0,383.3478698730469,100.0
D,None,None,None,None
P,29.04151725769043,480.0,383.3462829589844,100.0
D,None,None,None,None
P,29.042152404785156,480.0,383.34478759765625,100.0
D,None,None,None,None
P,29.042741775512695,480.0,383.3433837890625,100.0
D,None,None,None,None
P,29.043275833129883,480.0,383.342041015625,100.0
D,None,None,None,None
P,29.04374885559082,480.0,383.3407897949219,100.0
D,None,None,None,None
P,29.044187545776367,480.0,383.3396301269531,100.0
D,None,None,None,None
P,29.04458999633789,480.0,383.3385314941406,100.0
D,None,None,None,None
P,29.044939041137695,480.0,383.3375244140625,100.0
D,None,None,None,None
P,29.045251846313477,480.0,383.33660888671875,100.0
D,None,None,None,None
P,29.045530319213867,480.0,383.3357238769531,100.0
D,None,None,None,None
P,29.045772552490234,480.0,383.3349304199219,100.0
D,None,None,None,None
P,29.0460147857666,480.0,383.33416748046875,100.0
D,None,None,None,None
P,29.046207427978516,480.0,383.33349609375,100.0
D,None,None,None,None
P,29.04636001586914,480.0,383.3328552246094,100.0
D,None,None,None,None
P,29.04650115966797,480.0,383.3323059082031,100.0
D,None,None,None,None
P,29.046619415283203,480.0,383.331787109375,100.0
D,None,None,None,None
P,29.04671287536621,480.0,383.3313293457031,100.0
D,None,None,None,None
P,29.046802520751953,480.0,383.33087158203125,100.0
D,None,None,None,None
P,29.046875,480.0,383.3304748535156,100.0
D,None,None,None,None
P,29.04690170288086,480.0,383.33013916015625,100.0
D,None,None,None,None
P,29.046920776367188,480.0,383.3298645019531,100.0
D,None,None,None,None
P,29.046924591064453,480.0,383.3296203613281,100.0
D,None,None,None,None
P,29.046907424926758,480.0,383.3294372558594,100.0
D,None,None,None,None
P,29.046878814697266,480.0,383.32928466796875,100.0
D,None,None,None,None
P,29.04684829711914,480.0,383.32916259765625,100.0
D,None,None,None,None
P,29.046817779541016,480.0,383.32904052734375,100.0
D,None,None,None,None
P,29.04676628112793,480.0,383.3289794921875,100.0
D,None,None,None,None
P,29.04671859741211,480.0,383.32891845703125,100.0
D,None,None,None,None
P,29.04669189453125,480.0,383.32879638671875,100.0
D,None,None,None,None
P,29.04663848876953,480.0,383.3287658691406,100.0
D,None,None,None,None
P,29.046581268310547,480.0,383.3287658691406,100.0
D,None,None,None,None
P,29.046512603759766,480.0,383.32879638671875,100.0
D,None,None,None,None
P,29.046464920043945,480.0,383.32879638671875,100.0
D,None,None,None,None
P,29.04642105102539,480.0,383.3287658691406,100.0
D,None,None,None,None
P,29.046348571777344,480.0,383.32879638671875,100.0
D,None,None,None,None
P,29.046279907226562,480.0,383.328857421875,100.0
D,None,None,None,None
P,29.046207427978516,480.0,383.3288879394531,100.0
D,None,None,None,None
P,29.046142578125,480.0,383.32891845703125,100.0
D,None,None,None,None
P,29.046079635620117,480.0,383.3289794921875,100.0
D,None,None,None,None
P,29.046016693115234,480.0,383.32904052734375,100.0
D,None,None,None,None
P,29.04595375061035,480.0,383.3291320800781,100.0
D,None,None,None,None
P,29.045894622802734,480.0,383.3291931152344,100.0
D,None,None,None,None
P,29.04583740234375,480.0,383.3292541503906,100.0
D,None,None,None,None
P,29.0457820892334,480.0,383.329345703125,100.0
D,None,None,None,None
P,29.045730590820312,480.0,383.32940673828125,100.0
D,None,None,None,None
P,29.04568099975586,480.0,383.3294677734375,100.0
D,None,None,None,None
P,29.045635223388672,480.0,383.32952880859375,100.0
D,None,None,None,None
P,29.04558753967285,480.0,383.3296203613281,100.0
D,None,None,None,None
P,29.045543670654297,480.0,383.3296813964844,100.0
D,None,None,None,None
P,29.045503616333008,480.0,383.3297424316406,100.0
D,None,None,None,None
P,29.04546546936035,480.0,383.3298034667969,100.0
D,None,None,None,None
P,29.04543113708496,480.0,383.32989501953125,100.0
D,None,None,None,None
P,29.045398712158203,480.0,383.3299560546875,100.0
D,None,None,None,None
P,29.045368194580078,480.0,383.33001708984375,100.0
D,None,None,None,None
P,29.045337677001953,480.0,383.330078125,100.0
D,None,None,None,None
P,29.045310974121094,480.0,383.33013916015625,100.0
D,None,None,None,None
P,29.045286178588867,480.0,383.3302001953125,100.0
D,None,None,None,None
P,29.04526138305664,480.0,383.3302307128906,100.0
D,None,None,None,None
P,29.045238494873047,480.0,383.3302917480469,100.0
D,None,None,None,None
P,29.045217514038086,480.0,383.3303527832031,100.0
D,None,None,None,None
P,29.045198440551758,480.0,383.3304138183594,100.0
D,None,None,None,None
P,29.045181274414062,480.0,383.3304748535156,100.0
D,None,None,None,None
P,29.045166015625,480.0,383.33050537109375,100.0
D,None,None,None,None
P,29.04515266418457,480.0,383.3305358886719,100.0
D,None,None,None,None
P,29.04513931274414,480.0,383.33056640625,100.0
D,None,None,None,None
P,29.04512596130371,480.0,383.3305969238281,100.0
D,None,None,None,None
P,29.045114517211914,480.0,383.33062744140625,100.0
D,None,None,None,None
P,29.04510498046875,480.0,383.3306579589844,100.0
D,None,None,None,None
P,29.045095443725586,480.0,383.3306884765625,100.0
D,None,None,None,None
P,29.045087814331055,480.0,383.3307189941406,100.0
D,None,None,None,None
P,29.045080184936523,480.0,383.3307189941406,100.0
D,None,None,None,None
P,29.045074462890625,480.0,383.3307189941406,100.0
D,None,None,None,None
P,29.045068740844727,480.0,383.3307189941406,100.0
D,None,None,None,None
P,29.045066833496094,480.0,383.3307189941406,100.0
D,None,None,None,None
P,29.04506492614746,480.0,383.3307189941406,100.0
D,None,None,None,None
P,29.045063018798828,480.0,383.3307189941406,100.0
D,None,None,None,None
P,29.045061111450195,480.0,383.33074951171875,100.0
D,None,None,None,None
P,29.045059204101562,480.0,383.3307800292969,100.0
D,None,None,None,None
P,29.045059204101562,480.0,383.330810546875,100.0
D,None,None,None,None
P,29.045059204101562,480.0,383.3308410644531,100.0
D,None,None,None,None
P,29.045059204101562,480.0,383.33087158203125,100.0
D,None,None,None,None
P,29.045059204101562,480.0,383.33087158203125,100.0
D,None,None,None,None
